{"type":"FeatureCollection","features":[{"type":"Feature","geometry":{"type":"MultiPolygon","coordinates":[[[[150.74881,-22.45478],[150.74742,-22.45381],[150.74726,-22.45316],[150.74672,-22.45258],[150.74688,-22.45234],[150.74785,-22.45262],[150.74785,-22.45232],[150.74801,-22.45227],[150.74908,-22.45232],[150.74997,-22.45198],[150.75038,-22.45089],[150.74967,-22.44984],[150.74979,-22.44911],[150.74948,-22.44835],[150.74986,-22.44775],[150.75115,-22.44731],[150.75254,-22.44732],[150.75279,-22.44752],[150.753,-22.44857],[150.75349,-22.44875],[150.75413,-22.44927],[150.75516,-22.44916],[150.75518,-22.44884],[150.7549,-22.44865],[150.75368,-22.44818],[150.75379,-22.44784],[150.75322,-22.44695],[150.75331,-22.44677],[150.75381,-22.44666],[150.75388,-22.44643],[150.75306,-22.44558],[150.75233,-22.44542],[150.75127,-22.44481],[150.75081,-22.44477],[150.75017,-22.44447],[150.74897,-22.4447],[150.74852,-22.44517],[150.74777,-22.44522],[150.74674,-22.44593],[150.74645,-22.44577],[150.74574,-22.44472],[150.74537,-22.4445],[150.74494,-22.44442],[150.74421,-22.44461],[150.7439,-22.44524],[150.74364,-22.44518],[150.74324,-22.44468],[150.74248,-22.445],[150.74219,-22.44486],[150.74199,-22.4445],[150.74153,-22.44206],[150.74103,-22.44169],[150.74042,-22.44176],[150.74037,-22.44324],[150.74019,-22.44354],[150.73985,-22.44361],[150.73882,-22.44242],[150.73855,-22.4417],[150.73825,-22.44136],[150.73816,-22.44065],[150.73789,-22.4407],[150.73644,-22.44235],[150.73682,-22.44318],[150.73671,-22.44418],[150.73719,-22.44486],[150.73783,-22.44524],[150.73798,-22.44568],[150.73789,-22.44599],[150.73667,-22.44686],[150.73537,-22.44724],[150.73319,-22.44729],[150.73225,-22.44693],[150.73136,-22.44711],[150.72354,-22.44418],[150.7228,-22.44324],[150.72158,-22.44276],[150.72083,-22.44286],[150.72061,-22.44374],[150.72026,-22.44414],[150.7191,-22.44418],[150.71764,-22.44382],[150.71566,-22.44309],[150.71025,-22.44033],[150.70953,-22.43985],[150.70932,-22.43935],[150.70876,-22.43895],[150.70735,-22.4392],[150.70605,-22.43894],[150.70548,-22.4391],[150.70528,-22.43969],[150.70509,-22.43984],[150.70411,-22.43963],[150.7025,-22.43866],[150.70016,-22.43671],[150.69859,-22.43444],[150.69754,-22.43408],[150.69716,-22.43273],[150.69579,-22.43216],[150.69527,-22.43144],[150.69495,-22.43126],[150.69401,-22.43112],[150.69343,-22.43076],[150.68754,-22.41294],[150.68718,-22.40733],[150.68585,-22.40233],[150.68455,-22.3926],[150.68423,-22.38622],[150.68537,-22.38506],[150.68544,-22.38335],[150.68674,-22.38195],[150.68655,-22.38165],[150.68562,-22.38129],[150.68612,-22.38069],[150.68639,-22.37988],[150.68626,-22.37831],[150.68583,-22.37787],[150.68597,-22.37714],[150.68587,-22.37698],[150.6863,-22.37705],[150.6866,-22.37683],[150.68635,-22.37633],[150.68524,-22.37548],[150.68319,-22.37599],[150.68265,-22.37562],[150.68044,-22.37492],[150.67975,-22.37501],[150.67885,-22.37539],[150.67859,-22.37523],[150.67834,-22.37401],[150.67884,-22.37359],[150.67889,-22.37276],[150.6785,-22.372],[150.67853,-22.37149],[150.67926,-22.37141],[150.67946,-22.37091],[150.67976,-22.37078],[150.68059,-22.37087],[150.68089,-22.37046],[150.68085,-22.37003],[150.68019,-22.36944],[150.68012,-22.36909],[150.67928,-22.36866],[150.67907,-22.36836],[150.67899,-22.36754],[150.67951,-22.36741],[150.67969,-22.36682],[150.6808,-22.36691],[150.68123,-22.36675],[150.68114,-22.36632],[150.68051,-22.36579],[150.68051,-22.36555],[150.68091,-22.36539],[150.68091,-22.36505],[150.68123,-22.36491],[150.68116,-22.36466],[150.68053,-22.36443],[150.68048,-22.36382],[150.67991,-22.36382],[150.67943,-22.36413],[150.67919,-22.36402],[150.67907,-22.36372],[150.67932,-22.3635],[150.67926,-22.36332],[150.67896,-22.36325],[150.67894,-22.36282],[150.67716,-22.36195],[150.67718,-22.36102],[150.6768,-22.36072],[150.67712,-22.36033],[150.67702,-22.3587],[150.6775,-22.3582],[150.67698,-22.35717],[150.67693,-22.35624],[150.67664,-22.35606],[150.67625,-22.35608],[150.67421,-22.35717],[150.67404,-22.35751],[150.67325,-22.3577],[150.67313,-22.35802],[150.67273,-22.35817],[150.67139,-22.35811],[150.67045,-22.35774],[150.66986,-22.35726],[150.6697,-22.3564],[150.67073,-22.35544],[150.67097,-22.35469],[150.6707,-22.35422],[150.67077,-22.3541],[150.67118,-22.3541],[150.67113,-22.35312],[150.66982,-22.35294],[150.6694,-22.35221],[150.66877,-22.35162],[150.66891,-22.3508],[150.66986,-22.3508],[150.66995,-22.35067],[150.6699,-22.35035],[150.66968,-22.35015],[150.66868,-22.34987],[150.66852,-22.34958],[150.66866,-22.3484],[150.66884,-22.34832],[150.66975,-22.34848],[150.66986,-22.3479],[150.66959,-22.34723],[150.66925,-22.3471],[150.66893,-22.34742],[150.6687,-22.34744],[150.66856,-22.34662],[150.66806,-22.34641],[150.66788,-22.34589],[150.66717,-22.3468],[150.66711,-22.34741],[150.66649,-22.34782],[150.6665,-22.34842],[150.66627,-22.34917],[150.66451,-22.3496],[150.66386,-22.3496],[150.6637,-22.35033],[150.66354,-22.35044],[150.66197,-22.35047],[150.66074,-22.35008],[150.66056,-22.35039],[150.66083,-22.35119],[150.66069,-22.35165],[150.66003,-22.35197],[150.65981,-22.35267],[150.66092,-22.35338],[150.66087,-22.35413],[150.66003,-22.35522],[150.65919,-22.35574],[150.65901,-22.35602],[150.65886,-22.35751],[150.65894,-22.35788],[150.65985,-22.35852],[150.66179,-22.36205],[150.66183,-22.36231],[150.6616,-22.36254],[150.66051,-22.36161],[150.66015,-22.36163],[150.65994,-22.36186],[150.65944,-22.36323],[150.65942,-22.36402],[150.65984,-22.36449],[150.66066,-22.36477],[150.66088,-22.36509],[150.66067,-22.36522],[150.66049,-22.36509],[150.65942,-22.36521],[150.65908,-22.36473],[150.65897,-22.36354],[150.65833,-22.36293],[150.65772,-22.36325],[150.65703,-22.36313],[150.65605,-22.36441],[150.65519,-22.36495],[150.65467,-22.36575],[150.65485,-22.36596],[150.65567,-22.3657],[150.65612,-22.3658],[150.65637,-22.36607],[150.65646,-22.3665],[150.65631,-22.36679],[150.65524,-22.36696],[150.65343,-22.36785],[150.65276,-22.36782],[150.65191,-22.36714],[150.65103,-22.36693],[150.65009,-22.367],[150.65,-22.36784],[150.65018,-22.36836],[150.64987,-22.36891],[150.64993,-22.36912],[150.65044,-22.3693],[150.65137,-22.37064],[150.6516,-22.37193],[150.65371,-22.37494],[150.6574,-22.38112],[150.66486,-22.38899],[150.66791,-22.3927],[150.66898,-22.39523],[150.66947,-22.39678],[150.66945,-22.3977],[150.66961,-22.3983],[150.66988,-22.39861],[150.67056,-22.39884],[150.67056,-22.399],[150.67009,-22.39927],[150.67,-22.39952],[150.67018,-22.40098],[150.67056,-22.40164],[150.67104,-22.40185],[150.67147,-22.40184],[150.67289,-22.40124],[150.67314,-22.40137],[150.67318,-22.4016],[150.67291,-22.40194],[150.67155,-22.40253],[150.67041,-22.40275],[150.66795,-22.40273],[150.6671,-22.4033],[150.66594,-22.4044],[150.6649,-22.40507],[150.6644,-22.40651],[150.66452,-22.40788],[150.66519,-22.41019],[150.66518,-22.41115],[150.66466,-22.41177],[150.66434,-22.41306],[150.66347,-22.41417],[150.66334,-22.41484],[150.66265,-22.41617],[150.6619,-22.41963],[150.66193,-22.42016],[150.6622,-22.4207],[150.66195,-22.42122],[150.66197,-22.42157],[150.66243,-22.4222],[150.66293,-22.4222],[150.66329,-22.42307],[150.66311,-22.42316],[150.66254,-22.42288],[150.66209,-22.42302],[150.66182,-22.42393],[150.66141,-22.42425],[150.66154,-22.42559],[150.66193,-22.42612],[150.66197,-22.42646],[150.6617,-22.42684],[150.6619,-22.42734],[150.66152,-22.42752],[150.66136,-22.42782],[150.66132,-22.42892],[150.66172,-22.42934],[150.66166,-22.42946],[150.66131,-22.42941],[150.66106,-22.42957],[150.6612,-22.43041],[150.6609,-22.43055],[150.66075,-22.43082],[150.66024,-22.43326],[150.66018,-22.4343],[150.66043,-22.43505],[150.6609,-22.43512],[150.66088,-22.43619],[150.66152,-22.43697],[150.66154,-22.43756],[150.66172,-22.43787],[150.66225,-22.4381],[150.66293,-22.43812],[150.66322,-22.43899],[150.66313,-22.43922],[150.66293,-22.43922],[150.66279,-22.43847],[150.66093,-22.43837],[150.6605,-22.43794],[150.66016,-22.4371],[150.65986,-22.4368],[150.65975,-22.43687],[150.66036,-22.43978],[150.66098,-22.44065],[150.66107,-22.44149],[150.66143,-22.44163],[150.66166,-22.44111],[150.66186,-22.44108],[150.66189,-22.44132],[150.66217,-22.44145],[150.66182,-22.4419],[150.66179,-22.44229],[150.66375,-22.44411],[150.66357,-22.44424],[150.66277,-22.44388],[150.66263,-22.4439],[150.66265,-22.44411],[150.66359,-22.44497],[150.66511,-22.44533],[150.66507,-22.44561],[150.66422,-22.4455],[150.664,-22.44565],[150.66414,-22.4462],[150.66543,-22.44699],[150.66596,-22.44713],[150.66684,-22.44672],[150.66723,-22.44691],[150.6667,-22.44727],[150.66664,-22.44748],[150.6677,-22.44847],[150.66784,-22.44884],[150.66777,-22.44922],[150.66682,-22.44843],[150.66593,-22.44793],[150.66525,-22.44806],[150.66543,-22.44882],[150.6653,-22.44891],[150.66454,-22.44782],[150.66411,-22.44788],[150.66409,-22.44834],[150.66464,-22.44913],[150.66548,-22.44995],[150.66588,-22.45013],[150.66604,-22.45084],[150.66695,-22.45111],[150.66696,-22.4513],[150.66623,-22.45166],[150.66602,-22.45209],[150.66586,-22.45198],[150.6655,-22.45096],[150.66518,-22.45063],[150.66441,-22.45045],[150.66418,-22.45063],[150.66413,-22.45125],[150.66448,-22.45225],[150.66475,-22.45255],[150.6663,-22.45289],[150.66687,-22.45321],[150.66716,-22.45368],[150.66687,-22.45394],[150.66593,-22.45336],[150.6657,-22.45305],[150.66521,-22.453],[150.66514,-22.45327],[150.66543,-22.45368],[150.66482,-22.45393],[150.66457,-22.45384],[150.66452,-22.4532],[150.66432,-22.45295],[150.66407,-22.45293],[150.66384,-22.45332],[150.66368,-22.45327],[150.66366,-22.4525],[150.66316,-22.45139],[150.66293,-22.45111],[150.66275,-22.45111],[150.66252,-22.45143],[150.66223,-22.45111],[150.6622,-22.45084],[150.66247,-22.45036],[150.6622,-22.44952],[150.66166,-22.44955],[150.66156,-22.44943],[150.66165,-22.44906],[150.66136,-22.4487],[150.66016,-22.44781],[150.6595,-22.44788],[150.65888,-22.449],[150.65895,-22.4495],[150.65954,-22.44977],[150.65963,-22.45004],[150.6585,-22.44982],[150.65856,-22.45029],[150.659,-22.45082],[150.65865,-22.45077],[150.65852,-22.45089],[150.65865,-22.45127],[150.6584,-22.45127],[150.65804,-22.45039],[150.65779,-22.45036],[150.65751,-22.45111],[150.65733,-22.451],[150.65777,-22.44808],[150.65772,-22.44456],[150.65701,-22.44381],[150.65655,-22.44251],[150.65586,-22.44208],[150.65471,-22.44091],[150.6546,-22.4405],[150.65474,-22.43887],[150.65461,-22.43851],[150.6536,-22.43783],[150.65311,-22.43772],[150.65272,-22.43779],[150.65247,-22.43806],[150.65226,-22.43869],[150.65199,-22.4387],[150.65176,-22.43851],[150.65124,-22.43862],[150.65121,-22.43915],[150.65144,-22.43942],[150.65128,-22.43961],[150.65058,-22.43949],[150.65026,-22.43901],[150.65024,-22.43835],[150.65053,-22.43771],[150.65117,-22.43749],[150.65126,-22.43719],[150.65074,-22.43489],[150.65121,-22.43364],[150.65199,-22.43012],[150.65265,-22.42928],[150.65502,-22.42743],[150.65602,-22.42628],[150.65645,-22.42432],[150.65647,-22.4227],[150.6564,-22.42182],[150.65624,-22.42163],[150.65579,-22.42175],[150.65469,-22.42255],[150.65453,-22.42279],[150.65451,-22.4233],[150.65388,-22.42359],[150.65369,-22.42389],[150.65351,-22.42391],[150.65362,-22.42309],[150.65331,-22.42307],[150.65215,-22.42359],[150.65138,-22.42361],[150.6511,-22.42377],[150.65092,-22.42464],[150.65078,-22.42471],[150.65035,-22.42428],[150.65005,-22.4242],[150.64921,-22.42446],[150.64906,-22.42502],[150.64956,-22.42562],[150.64958,-22.42594],[150.64942,-22.42614],[150.6488,-22.42543],[150.64842,-22.4253],[150.64824,-22.42552],[150.6479,-22.42746],[150.64763,-22.42728],[150.64776,-22.42548],[150.64723,-22.42562],[150.64657,-22.4263],[150.64648,-22.4266],[150.64692,-22.42684],[150.64702,-22.42725],[150.64662,-22.42746],[150.64567,-22.42759],[150.64514,-22.42803],[150.64381,-22.42976],[150.6432,-22.43021],[150.64275,-22.43124],[150.64238,-22.43159],[150.64224,-22.43241],[150.6421,-22.43246],[150.64175,-22.4322],[150.6415,-22.43226],[150.64106,-22.43334],[150.64137,-22.43388],[150.64184,-22.43431],[150.6417,-22.43479],[150.64107,-22.43471],[150.64027,-22.4336],[150.63989,-22.43351],[150.63958,-22.43419],[150.63913,-22.43422],[150.63889,-22.43448],[150.63892,-22.43586],[150.6388,-22.43603],[150.63801,-22.43621],[150.63821,-22.43566],[150.63806,-22.43514],[150.63726,-22.43511],[150.63719,-22.43453],[150.63679,-22.43444],[150.63496,-22.43515],[150.63453,-22.43546],[150.63343,-22.43667],[150.63297,-22.43786],[150.6328,-22.4378],[150.63251,-22.43715],[150.63213,-22.43722],[150.63193,-22.4377],[150.63152,-22.438],[150.63144,-22.43869],[150.63101,-22.43883],[150.63051,-22.43927],[150.6303,-22.43924],[150.63026,-22.43907],[150.63063,-22.43841],[150.63069,-22.43793],[150.63031,-22.4379],[150.62943,-22.43934],[150.62931,-22.44106],[150.62976,-22.44175],[150.62991,-22.44243],[150.6306,-22.44263],[150.63075,-22.44321],[150.63055,-22.44329],[150.63039,-22.44286],[150.63013,-22.44277],[150.62931,-22.44349],[150.62912,-22.44417],[150.62871,-22.44396],[150.62866,-22.44336],[150.6291,-22.44239],[150.629,-22.44186],[150.62849,-22.44164],[150.6275,-22.44161],[150.62732,-22.44143],[150.6283,-22.44107],[150.62849,-22.43928],[150.62919,-22.43831],[150.63195,-22.43534],[150.63271,-22.43416],[150.63401,-22.43349],[150.63495,-22.43261],[150.6357,-22.43242],[150.63836,-22.43244],[150.63833,-22.43217],[150.63775,-22.43147],[150.63781,-22.43095],[150.638,-22.4308],[150.63862,-22.43091],[150.63908,-22.43159],[150.63948,-22.43185],[150.63996,-22.43179],[150.64084,-22.43077],[150.64071,-22.43001],[150.64184,-22.42973],[150.64289,-22.42842],[150.64279,-22.42808],[150.64204,-22.42828],[150.64166,-22.42817],[150.64096,-22.4284],[150.6409,-22.42788],[150.63906,-22.42741],[150.63853,-22.42752],[150.63822,-22.42796],[150.63824,-22.42824],[150.63805,-22.42826],[150.63762,-22.42786],[150.63803,-22.4275],[150.638,-22.42668],[150.63857,-22.42696],[150.63913,-22.42687],[150.63911,-22.42626],[150.63949,-22.42654],[150.63967,-22.42691],[150.64065,-22.4271],[150.64077,-22.42687],[150.64037,-22.42657],[150.64038,-22.42641],[150.64058,-22.42637],[150.64087,-22.42654],[150.64114,-22.42645],[150.6415,-22.42714],[150.64206,-22.42722],[150.64276,-22.42708],[150.64344,-22.4266],[150.64448,-22.42533],[150.6466,-22.42333],[150.64658,-22.42313],[150.64631,-22.42297],[150.6456,-22.42301],[150.64514,-22.42282],[150.6449,-22.42286],[150.64462,-22.42325],[150.6444,-22.42319],[150.64434,-22.42277],[150.64393,-22.42269],[150.64367,-22.42291],[150.64343,-22.42253],[150.64275,-22.42287],[150.64226,-22.42293],[150.64206,-22.4231],[150.64175,-22.42399],[150.64144,-22.4239],[150.64151,-22.42342],[150.6414,-22.42334],[150.64086,-22.424],[150.63943,-22.42453],[150.63876,-22.42444],[150.63878,-22.42428],[150.63956,-22.42419],[150.63938,-22.42379],[150.63989,-22.42394],[150.6412,-22.42269],[150.64217,-22.42213],[150.64247,-22.42178],[150.6413,-22.42126],[150.64018,-22.42102],[150.63955,-22.42108],[150.639,-22.42144],[150.63881,-22.42065],[150.63836,-22.42045],[150.63794,-22.42049],[150.63741,-22.42131],[150.63677,-22.42188],[150.63695,-22.42252],[150.63686,-22.42265],[150.63634,-22.42217],[150.63606,-22.42224],[150.6359,-22.42331],[150.63633,-22.42334],[150.63638,-22.42377],[150.63585,-22.42392],[150.63592,-22.42426],[150.63544,-22.42455],[150.63517,-22.42579],[150.63478,-22.42634],[150.63465,-22.42632],[150.63484,-22.4257],[150.63479,-22.42523],[150.63434,-22.42477],[150.635,-22.42417],[150.63477,-22.42368],[150.63516,-22.423],[150.63514,-22.42287],[150.6346,-22.42269],[150.63517,-22.42222],[150.63556,-22.42115],[150.63652,-22.41997],[150.63641,-22.41971],[150.63576,-22.41973],[150.63508,-22.42049],[150.63418,-22.42019],[150.63401,-22.42045],[150.63412,-22.42111],[150.63388,-22.42129],[150.63341,-22.42109],[150.63336,-22.42032],[150.63279,-22.4203],[150.63232,-22.42075],[150.63239,-22.42183],[150.63225,-22.42183],[150.63198,-22.42141],[150.63156,-22.42049],[150.63131,-22.4204],[150.63121,-22.42051],[150.63138,-22.42157],[150.63127,-22.42232],[150.63087,-22.42218],[150.63053,-22.42129],[150.63024,-22.42097],[150.62953,-22.42152],[150.62947,-22.42221],[150.62891,-22.42229],[150.62871,-22.42277],[150.62828,-22.42317],[150.62848,-22.42404],[150.62779,-22.42408],[150.6271,-22.42363],[150.62686,-22.42366],[150.62665,-22.42394],[150.6266,-22.42345],[150.62673,-22.4233],[150.62778,-22.42327],[150.62777,-22.42292],[150.62722,-22.42278],[150.62716,-22.42263],[150.62745,-22.42239],[150.62751,-22.42197],[150.62805,-22.42174],[150.62796,-22.42117],[150.6283,-22.42055],[150.62856,-22.42046],[150.62886,-22.4207],[150.62911,-22.42068],[150.62991,-22.41998],[150.63028,-22.41935],[150.63075,-22.41911],[150.63214,-22.41895],[150.633,-22.41904],[150.63694,-22.41885],[150.63915,-22.41931],[150.63941,-22.41929],[150.63986,-22.41886],[150.64059,-22.4194],[150.64114,-22.41932],[150.64269,-22.42006],[150.64616,-22.42099],[150.64746,-22.42091],[150.64814,-22.42111],[150.64865,-22.42078],[150.64911,-22.42099],[150.65124,-22.42057],[150.6533,-22.41984],[150.65435,-22.41928],[150.65634,-22.41764],[150.65712,-22.41665],[150.65733,-22.4161],[150.65713,-22.41566],[150.65755,-22.41521],[150.65772,-22.41468],[150.65782,-22.41383],[150.65767,-22.41202],[150.65751,-22.41137],[150.65703,-22.41085],[150.65673,-22.4099],[150.65546,-22.40778],[150.65507,-22.40772],[150.65411,-22.40881],[150.65298,-22.4096],[150.65297,-22.41034],[150.6527,-22.41038],[150.65255,-22.41022],[150.65261,-22.40931],[150.65246,-22.40881],[150.65163,-22.40835],[150.65134,-22.408],[150.65166,-22.40721],[150.65159,-22.40444],[150.65225,-22.40333],[150.65205,-22.40266],[150.65137,-22.40225],[150.65118,-22.40196],[150.65088,-22.40076],[150.65063,-22.40037],[150.64972,-22.39969],[150.64959,-22.39925],[150.64968,-22.39855],[150.64941,-22.3975],[150.64832,-22.39648],[150.64787,-22.3956],[150.64724,-22.39525],[150.647,-22.39395],[150.64672,-22.39338],[150.6459,-22.39248],[150.64515,-22.39207],[150.6447,-22.39093],[150.64418,-22.39041],[150.64343,-22.39057],[150.64297,-22.39104],[150.64233,-22.39131],[150.64204,-22.39156],[150.64149,-22.39275],[150.64113,-22.39295],[150.64047,-22.39263],[150.63958,-22.39291],[150.63829,-22.393],[150.6371,-22.39281],[150.6371,-22.39266],[150.63826,-22.39261],[150.63979,-22.3922],[150.64004,-22.39188],[150.64013,-22.3909],[150.64006,-22.39049],[150.63978,-22.39032],[150.63753,-22.38993],[150.63612,-22.39015],[150.63492,-22.39059],[150.63439,-22.39129],[150.63465,-22.3925],[150.63412,-22.39207],[150.6336,-22.39207],[150.63267,-22.39288],[150.63253,-22.39389],[150.63157,-22.39416],[150.63125,-22.39463],[150.63137,-22.39525],[150.63125,-22.39593],[150.63196,-22.39812],[150.6318,-22.3988],[150.63196,-22.39961],[150.6318,-22.39973],[150.63128,-22.39969],[150.631,-22.39946],[150.63089,-22.3991],[150.63091,-22.39871],[150.63132,-22.39796],[150.63135,-22.39757],[150.63116,-22.3973],[150.63041,-22.39728],[150.62971,-22.39766],[150.62943,-22.39764],[150.62877,-22.39673],[150.62878,-22.39623],[150.6291,-22.396],[150.62912,-22.39571],[150.62866,-22.3943],[150.62898,-22.39361],[150.62955,-22.39323],[150.62928,-22.39272],[150.62855,-22.39232],[150.62702,-22.39245],[150.62436,-22.39312],[150.62332,-22.39472],[150.62323,-22.39551],[150.62268,-22.39657],[150.623,-22.39773],[150.62182,-22.39862],[150.6216,-22.39925],[150.62143,-22.39916],[150.6213,-22.39874],[150.62138,-22.39817],[150.62219,-22.39743],[150.62212,-22.39702],[150.62187,-22.39657],[150.62138,-22.39677],[150.62103,-22.39652],[150.62199,-22.39537],[150.62194,-22.39475],[150.62231,-22.39342],[150.62276,-22.39258],[150.62273,-22.39226],[150.62239,-22.39202],[150.62111,-22.39184],[150.62069,-22.39194],[150.62027,-22.39231],[150.61933,-22.39229],[150.61894,-22.39258],[150.61882,-22.39288],[150.61884,-22.39394],[150.61924,-22.39436],[150.61924,-22.39475],[150.61906,-22.39495],[150.61845,-22.39487],[150.61749,-22.39317],[150.61709,-22.39327],[150.61655,-22.39438],[150.61618,-22.39463],[150.61613,-22.39443],[150.61662,-22.39347],[150.6165,-22.3933],[150.61606,-22.39344],[150.61507,-22.39344],[150.6148,-22.39394],[150.6147,-22.39386],[150.61475,-22.39352],[150.61532,-22.39293],[150.61534,-22.39266],[150.61478,-22.39219],[150.6148,-22.39206],[150.61598,-22.39258],[150.61635,-22.39258],[150.61702,-22.39216],[150.61699,-22.39187],[150.61606,-22.3914],[150.61495,-22.39056],[150.61475,-22.39034],[150.61483,-22.3899],[150.61463,-22.38965],[150.61391,-22.38963],[150.61266,-22.38992],[150.61236,-22.38977],[150.61241,-22.38926],[150.6117,-22.38832],[150.61192,-22.38778],[150.61214,-22.38761],[150.61271,-22.38788],[150.61271,-22.38894],[150.61295,-22.38908],[150.61354,-22.38874],[150.61423,-22.38763],[150.61446,-22.38758],[150.61498,-22.38823],[150.61653,-22.38958],[150.61682,-22.39022],[150.61763,-22.39064],[150.61901,-22.38985],[150.61941,-22.38921],[150.61941,-22.38876],[150.61858,-22.38684],[150.61768,-22.38659],[150.61651,-22.38723],[150.61606,-22.38726],[150.61586,-22.38713],[150.61537,-22.38609],[150.61451,-22.3858],[150.61419,-22.38502],[150.61397,-22.38494],[150.61352,-22.38507],[150.61302,-22.38609],[150.61268,-22.38608],[150.61207,-22.38561],[150.61207,-22.38517],[150.61311,-22.38487],[150.61347,-22.38458],[150.61395,-22.38454],[150.61406,-22.38381],[150.61443,-22.38371],[150.6147,-22.38381],[150.6148,-22.3843],[150.61542,-22.38475],[150.61581,-22.38477],[150.61608,-22.3846],[150.61611,-22.38305],[150.61591,-22.38263],[150.61513,-22.38212],[150.61513,-22.38126],[150.6154,-22.3814],[150.61535,-22.3818],[150.61549,-22.38194],[150.61781,-22.38199],[150.61818,-22.38184],[150.6184,-22.38137],[150.61801,-22.38058],[150.61854,-22.38064],[150.61909,-22.38162],[150.61919,-22.38224],[150.61864,-22.38226],[150.61783,-22.38283],[150.61768,-22.38312],[150.61786,-22.38376],[150.61956,-22.38497],[150.6202,-22.38465],[150.62185,-22.38793],[150.62212,-22.3883],[150.62259,-22.38847],[150.62322,-22.3884],[150.62844,-22.38585],[150.63155,-22.38574],[150.6321,-22.38555],[150.6326,-22.38499],[150.63262,-22.38465],[150.63225,-22.38421],[150.63208,-22.3838],[150.63208,-22.38303],[150.63151,-22.38212],[150.63148,-22.381],[150.63155,-22.38066],[150.63182,-22.38048],[150.63228,-22.38053],[150.63246,-22.38025],[150.63285,-22.38028],[150.63444,-22.3813],[150.63485,-22.38141],[150.63631,-22.38132],[150.63747,-22.38205],[150.63792,-22.38205],[150.63853,-22.38182],[150.63924,-22.3811],[150.6401,-22.3806],[150.64186,-22.38021],[150.64288,-22.37976],[150.64313,-22.3795],[150.64317,-22.37918],[150.64281,-22.37835],[150.64252,-22.37821],[150.64154,-22.37818],[150.64056,-22.37769],[150.63885,-22.37757],[150.63849,-22.37739],[150.6384,-22.37691],[150.63801,-22.37659],[150.63794,-22.37632],[150.6391,-22.37602],[150.63937,-22.3758],[150.63965,-22.37529],[150.64051,-22.37479],[150.64069,-22.37407],[150.64011,-22.37338],[150.63851,-22.37252],[150.63774,-22.37241],[150.63706,-22.37195],[150.6368,-22.37163],[150.63592,-22.3695],[150.63565,-22.36936],[150.63505,-22.36945],[150.63464,-22.37004],[150.63426,-22.37137],[150.6337,-22.37184],[150.63276,-22.37188],[150.63237,-22.37154],[150.63173,-22.37152],[150.63173,-22.37123],[150.63201,-22.3712],[150.63341,-22.37136],[150.63389,-22.3709],[150.63398,-22.37056],[150.63383,-22.37013],[150.63333,-22.3697],[150.63312,-22.36915],[150.63198,-22.36783],[150.63191,-22.36749],[150.63203,-22.36715],[150.63285,-22.367],[150.63387,-22.36634],[150.63412,-22.36609],[150.6341,-22.36577],[150.63362,-22.36527],[150.63335,-22.36526],[150.63294,-22.36576],[150.63217,-22.36609],[150.6313,-22.36611],[150.62964,-22.3657],[150.62944,-22.36558],[150.62934,-22.36524],[150.62966,-22.36313],[150.62741,-22.35965],[150.62627,-22.35885],[150.62562,-22.35863],[150.62468,-22.3586],[150.6233,-22.35919],[150.62181,-22.35857],[150.62234,-22.35778],[150.62245,-22.35665],[150.62036,-22.35478],[150.61966,-22.35341],[150.61954,-22.35267],[150.61804,-22.35048],[150.61763,-22.34834],[150.61781,-22.34718],[150.618,-22.34689],[150.61858,-22.34677],[150.61965,-22.34712],[150.62227,-22.34911],[150.62338,-22.35025],[150.62357,-22.35019],[150.62375,-22.34982],[150.62482,-22.35037],[150.62575,-22.3516],[150.62653,-22.35371],[150.62762,-22.35517],[150.62903,-22.3566],[150.62948,-22.35685],[150.63044,-22.35689],[150.63078,-22.35705],[150.63305,-22.35883],[150.63396,-22.35913],[150.63512,-22.3606],[150.63556,-22.36063],[150.63644,-22.36115],[150.63689,-22.3612],[150.63706,-22.36179],[150.63808,-22.36278],[150.63915,-22.36319],[150.64033,-22.36301],[150.64067,-22.3631],[150.64124,-22.36445],[150.64222,-22.36517],[150.64254,-22.36513],[150.64261,-22.36472],[150.6417,-22.36349],[150.64119,-22.36322],[150.64095,-22.36244],[150.64103,-22.3581],[150.64131,-22.35692],[150.64236,-22.35478],[150.64342,-22.35433],[150.64417,-22.35057],[150.64488,-22.34848],[150.64531,-22.34757],[150.64629,-22.34616],[150.64634,-22.34575],[150.64611,-22.34525],[150.6429,-22.34259],[150.63867,-22.34138],[150.63662,-22.34036],[150.63162,-22.33688],[150.62898,-22.33452],[150.62696,-22.3326],[150.6258,-22.3311],[150.6255,-22.33037],[150.62548,-22.32981],[150.62586,-22.32958],[150.62598,-22.32915],[150.6268,-22.32867],[150.62737,-22.32796],[150.6273,-22.32767],[150.62632,-22.3274],[150.62598,-22.32733],[150.62573,-22.32749],[150.62545,-22.32808],[150.62502,-22.32826],[150.62457,-22.32874],[150.62402,-22.32883],[150.62364,-22.32858],[150.62332,-22.32864],[150.62277,-22.33053],[150.62266,-22.33171],[150.6223,-22.33191],[150.62185,-22.33188],[150.62168,-22.33129],[150.62139,-22.33106],[150.62089,-22.33087],[150.6205,-22.3309],[150.62015,-22.33199],[150.62032,-22.33288],[150.62009,-22.33315],[150.61948,-22.33331],[150.61866,-22.3334],[150.61708,-22.33328],[150.61495,-22.33297],[150.61419,-22.3327],[150.61379,-22.33241],[150.61379,-22.33153],[150.61365,-22.33115],[150.61206,-22.32987],[150.61186,-22.32996],[150.61172,-22.33049],[150.61154,-22.33063],[150.61015,-22.32994],[150.60981,-22.32994],[150.60951,-22.33031],[150.60906,-22.33055],[150.60805,-22.32965],[150.60769,-22.32965],[150.60739,-22.33022],[150.6073,-22.33274],[150.6071,-22.33288],[150.60644,-22.33274],[150.60587,-22.3331],[150.60508,-22.33312],[150.6049,-22.33372],[150.60471,-22.3339],[150.6054,-22.33568],[150.60567,-22.3374],[150.60573,-22.33831],[150.60539,-22.33858],[150.6051,-22.33836],[150.60524,-22.3374],[150.60469,-22.33504],[150.60392,-22.33461],[150.59946,-22.33335],[150.5988,-22.33292],[150.59834,-22.33231],[150.59768,-22.33208],[150.59684,-22.33202],[150.59629,-22.3316],[150.59625,-22.33144],[150.59664,-22.33135],[150.59745,-22.33156],[150.59886,-22.33228],[150.59927,-22.33231],[150.59948,-22.33215],[150.59916,-22.32919],[150.59864,-22.32871],[150.59773,-22.32864],[150.59768,-22.32842],[150.59786,-22.32812],[150.59696,-22.32783],[150.59595,-22.32819],[150.59513,-22.32828],[150.59552,-22.32717],[150.5955,-22.32687],[150.59527,-22.32673],[150.59489,-22.32669],[150.59475,-22.32683],[150.59463,-22.32744],[150.59429,-22.3278],[150.59393,-22.32785],[150.59313,-22.32715],[150.59211,-22.32739],[150.59179,-22.32674],[150.5914,-22.32657],[150.59043,-22.32657],[150.59063,-22.32594],[150.59002,-22.32578],[150.58986,-22.32598],[150.58963,-22.32587],[150.58922,-22.32601],[150.58877,-22.32628],[150.58847,-22.32671],[150.58845,-22.32696],[150.58915,-22.32814],[150.58908,-22.32881],[150.58786,-22.32953],[150.58615,-22.32981],[150.5856,-22.32951],[150.58531,-22.3289],[150.58461,-22.32885],[150.58397,-22.32805],[150.58301,-22.32778],[150.58237,-22.32692],[150.58062,-22.32571],[150.58028,-22.32569],[150.5798,-22.32674],[150.57897,-22.32683],[150.57831,-22.32648],[150.57792,-22.32587],[150.5774,-22.32571],[150.57694,-22.32533],[150.57632,-22.32523],[150.57555,-22.32375],[150.57383,-22.32214],[150.5736,-22.32103],[150.57314,-22.32077],[150.57196,-22.32053],[150.57139,-22.32098],[150.57053,-22.32102],[150.57026,-22.32088],[150.56932,-22.31982],[150.56755,-22.31664],[150.5672,-22.31607],[150.56686,-22.31586],[150.56627,-22.31597],[150.56584,-22.31648],[150.56532,-22.3167],[150.56299,-22.31686],[150.56275,-22.31702],[150.56257,-22.31741],[150.56261,-22.31809],[150.56352,-22.32014],[150.56347,-22.32066],[150.56268,-22.3215],[150.55876,-22.32328],[150.55624,-22.32376],[150.55608,-22.324],[150.55597,-22.325],[150.55656,-22.32558],[150.55679,-22.32617],[150.55765,-22.32623],[150.55799,-22.32633],[150.55799,-22.32651],[150.55745,-22.32676],[150.55701,-22.32789],[150.55631,-22.32871],[150.55592,-22.32892],[150.55401,-22.32915],[150.55376,-22.3293],[150.55376,-22.32951],[150.55553,-22.33081],[150.55697,-22.33096],[150.5571,-22.33149],[150.55683,-22.33178],[150.55627,-22.33174],[150.55642,-22.33219],[150.55635,-22.33253],[150.55583,-22.3331],[150.55542,-22.33438],[150.55413,-22.33613],[150.55374,-22.33645],[150.55222,-22.33679],[150.55144,-22.33674],[150.55135,-22.3369],[150.55147,-22.33718],[150.55117,-22.33799],[150.55206,-22.34011],[150.55178,-22.34079],[150.55172,-22.34159],[150.5509,-22.34316],[150.55067,-22.34398],[150.54962,-22.34432],[150.54882,-22.34509],[150.54671,-22.34591],[150.54578,-22.34584],[150.54448,-22.34536],[150.5443,-22.34547],[150.54271,-22.34868],[150.54203,-22.34937],[150.54175,-22.34993],[150.54157,-22.35082],[150.54043,-22.35203],[150.54046,-22.35383],[150.54025,-22.35496],[150.54059,-22.3563],[150.54027,-22.35749],[150.5405,-22.35828],[150.54009,-22.3593],[150.54006,-22.36078],[150.5405,-22.36145],[150.54055,-22.36258],[150.54128,-22.36319],[150.54127,-22.36335],[150.54077,-22.3636],[150.54048,-22.36554],[150.53989,-22.36581],[150.53843,-22.36583],[150.5382,-22.36618],[150.53821,-22.36654],[150.5387,-22.36738],[150.53918,-22.36784],[150.5395,-22.36861],[150.53946,-22.36931],[150.53962,-22.36982],[150.53929,-22.3709],[150.53936,-22.37118],[150.5397,-22.37145],[150.53968,-22.37163],[150.53709,-22.37061],[150.53672,-22.3707],[150.53641,-22.37107],[150.53614,-22.37152],[150.5363,-22.37211],[150.53738,-22.37218],[150.53755,-22.37234],[150.53755,-22.37286],[150.53722,-22.37389],[150.53689,-22.37413],[150.53511,-22.37407],[150.53473,-22.37413],[150.53457,-22.37437],[150.53468,-22.37504],[150.53525,-22.37573],[150.53547,-22.37628],[150.53543,-22.37686],[150.53497,-22.37777],[150.53452,-22.37953],[150.53349,-22.38094],[150.53357,-22.3818],[150.53377,-22.38221],[150.53407,-22.38235],[150.53465,-22.3821],[150.53573,-22.381],[150.5362,-22.38073],[150.5362,-22.38103],[150.53589,-22.38157],[150.53591,-22.38228],[150.53614,-22.38242],[150.53686,-22.38239],[150.53697,-22.38326],[150.53747,-22.38432],[150.53739,-22.38473],[150.53632,-22.38342],[150.53602,-22.38335],[150.53575,-22.38348],[150.53518,-22.38442],[150.5352,-22.3848],[150.53573,-22.38583],[150.53554,-22.38901],[150.53564,-22.39045],[150.53645,-22.39185],[150.53707,-22.39256],[150.53586,-22.39267],[150.53536,-22.39381],[150.53409,-22.3959],[150.53395,-22.39638],[150.53402,-22.39793],[150.5339,-22.39838],[150.53327,-22.39877],[150.53302,-22.39979],[150.53227,-22.40009],[150.53133,-22.40127],[150.5304,-22.40136],[150.53063,-22.40175],[150.53047,-22.40236],[150.53056,-22.40263],[150.53086,-22.40275],[150.53111,-22.40273],[150.53156,-22.40225],[150.53243,-22.40227],[150.53254,-22.4018],[150.53275,-22.4017],[150.53311,-22.4017],[150.53361,-22.40229],[150.53427,-22.40268],[150.53554,-22.40398],[150.53572,-22.40486],[150.5357,-22.4058],[150.53591,-22.40619],[150.53636,-22.40593],[150.53748,-22.40602],[150.53779,-22.40591],[150.53838,-22.40498],[150.53875,-22.40355],[150.53902,-22.40354],[150.53964,-22.40393],[150.5405,-22.40395],[150.54084,-22.4047],[150.54039,-22.4055],[150.54053,-22.40757],[150.54082,-22.40818],[150.54141,-22.40837],[150.54269,-22.40816],[150.54234,-22.40873],[150.54268,-22.40946],[150.54364,-22.40942],[150.54457,-22.40903],[150.54496,-22.40917],[150.545,-22.40987],[150.54558,-22.41039],[150.5455,-22.41058],[150.54441,-22.40996],[150.54412,-22.40996],[150.54385,-22.41044],[150.54414,-22.41087],[150.54403,-22.41117],[150.54371,-22.41117],[150.54328,-22.41083],[150.54087,-22.41051],[150.54048,-22.41069],[150.54004,-22.4113],[150.53991,-22.41226],[150.53966,-22.41249],[150.53863,-22.41283],[150.53846,-22.41315],[150.53846,-22.41355],[150.53873,-22.41374],[150.53966,-22.41374],[150.54128,-22.41335],[150.54175,-22.41339],[150.54332,-22.41424],[150.54339,-22.41446],[150.54284,-22.41497],[150.54216,-22.41415],[150.54132,-22.41414],[150.5408,-22.41462],[150.54036,-22.41588],[150.54034,-22.41685],[150.54055,-22.4178],[150.54019,-22.41859],[150.54026,-22.41962],[150.54055,-22.42058],[150.5407,-22.42081],[150.54141,-22.42102],[150.54163,-22.42175],[150.54141,-22.42204],[150.54142,-22.42234],[150.54224,-22.42359],[150.54322,-22.42471],[150.545,-22.42591],[150.54514,-22.42588],[150.54533,-22.42504],[150.54579,-22.4251],[150.54644,-22.42599],[150.54707,-22.42645],[150.54692,-22.42673],[150.54702,-22.42681],[150.54908,-22.427],[150.55173,-22.42693],[150.55195,-22.42774],[150.5517,-22.42791],[150.5518,-22.42814],[150.55115,-22.42921],[150.54494,-22.42812],[150.5449,-22.42834],[150.54402,-22.4286],[150.54362,-22.42846],[150.54333,-22.4289],[150.54339,-22.42919],[150.54288,-22.42959],[150.54263,-22.42937],[150.54251,-22.42753],[150.54237,-22.42726],[150.5414,-22.4275],[150.54119,-22.42731],[150.54153,-22.42683],[150.54133,-22.42655],[150.54009,-22.42581],[150.53957,-22.42586],[150.53968,-22.4263],[150.5402,-22.42639],[150.54016,-22.4267],[150.53966,-22.42705],[150.53972,-22.42732],[150.54022,-22.42721],[150.54036,-22.42743],[150.54,-22.42809],[150.54063,-22.42873],[150.54022,-22.42887],[150.5402,-22.42952],[150.53986,-22.42975],[150.53981,-22.43003],[150.5405,-22.4315],[150.54061,-22.43219],[150.5403,-22.43241],[150.54007,-22.43225],[150.54011,-22.43162],[150.53991,-22.43125],[150.53866,-22.43084],[150.53866,-22.43064],[150.53911,-22.43016],[150.53907,-22.42993],[150.53841,-22.42975],[150.53852,-22.42869],[150.53857,-22.42855],[150.53904,-22.42877],[150.5392,-22.42866],[150.53915,-22.42843],[150.53875,-22.42814],[150.53889,-22.42777],[150.5387,-22.42771],[150.53795,-22.42864],[150.53715,-22.42887],[150.53779,-22.43055],[150.53772,-22.43144],[150.53786,-22.43191],[150.53859,-22.43291],[150.53991,-22.43437],[150.54041,-22.4346],[150.54075,-22.43458],[150.54155,-22.43419],[150.5422,-22.43419],[150.54214,-22.43437],[150.541,-22.43482],[150.54066,-22.43537],[150.54105,-22.43633],[150.54138,-22.43644],[150.54173,-22.4361],[150.54195,-22.43642],[150.54257,-22.43644],[150.54264,-22.43662],[150.54195,-22.43689],[150.54173,-22.43724],[150.54114,-22.43746],[150.541,-22.43774],[150.54125,-22.43844],[150.54155,-22.43862],[150.54255,-22.43846],[150.54262,-22.43916],[150.54248,-22.43944],[150.54111,-22.4394],[150.54018,-22.44038],[150.53904,-22.44063],[150.53868,-22.44126],[150.53866,-22.44214],[150.53926,-22.44285],[150.54006,-22.44312],[150.54021,-22.44304],[150.54019,-22.44252],[150.54052,-22.44241],[150.54066,-22.44192],[150.54104,-22.44226],[150.5409,-22.44253],[150.54096,-22.44286],[150.54132,-22.44296],[150.54202,-22.44285],[150.54362,-22.44199],[150.54403,-22.44265],[150.54334,-22.44235],[150.54288,-22.44257],[150.54226,-22.4432],[150.54127,-22.44344],[150.54106,-22.44384],[150.5436,-22.44496],[150.54625,-22.44565],[150.54842,-22.44644],[150.54979,-22.44667],[150.55162,-22.44659],[150.55308,-22.44707],[150.55304,-22.44719],[150.5532,-22.44727],[150.55532,-22.44742],[150.55694,-22.44813],[150.55855,-22.44843],[150.55889,-22.44881],[150.56806,-22.45152],[150.56889,-22.45141],[150.56921,-22.45114],[150.56921,-22.44999],[150.56938,-22.44943],[150.56928,-22.44878],[150.56942,-22.44828],[150.56978,-22.4483],[150.57004,-22.44902],[150.57033,-22.44909],[150.57221,-22.44878],[150.57237,-22.44897],[150.57184,-22.44928],[150.57167,-22.44973],[150.57061,-22.44997],[150.57038,-22.45141],[150.57022,-22.45164],[150.56954,-22.45165],[150.56926,-22.45183],[150.56976,-22.45207],[150.57053,-22.4521],[150.57191,-22.45179],[150.57278,-22.45195],[150.5733,-22.45179],[150.57349,-22.45114],[150.57412,-22.45145],[150.57441,-22.45139],[150.57464,-22.45116],[150.57448,-22.45019],[150.57471,-22.44991],[150.57523,-22.44968],[150.57491,-22.45024],[150.57508,-22.45048],[150.57578,-22.4508],[150.5763,-22.45037],[150.5762,-22.45085],[150.57699,-22.45109],[150.57714,-22.45128],[150.57617,-22.45139],[150.57533,-22.45213],[150.57415,-22.45235],[150.57417,-22.45258],[150.57711,-22.453],[150.5774,-22.45323],[150.57775,-22.45391],[150.57816,-22.454],[150.57916,-22.45349],[150.57933,-22.45354],[150.57937,-22.45398],[150.57962,-22.45419],[150.58039,-22.45437],[150.58082,-22.45471],[150.58084,-22.45488],[150.58023,-22.45516],[150.58031,-22.45562],[150.58092,-22.45595],[150.58145,-22.45602],[150.58214,-22.45661],[150.58339,-22.45728],[150.58366,-22.45758],[150.58344,-22.45773],[150.58344,-22.45794],[150.58525,-22.45941],[150.58607,-22.46003],[150.58685,-22.46032],[150.58754,-22.45992],[150.58775,-22.45996],[150.58785,-22.4602],[150.58744,-22.46049],[150.58738,-22.46069],[150.58749,-22.46091],[150.58891,-22.4616],[150.58974,-22.46253],[150.58975,-22.46302],[150.58964,-22.46331],[150.58932,-22.46342],[150.58886,-22.46323],[150.58796,-22.46221],[150.58677,-22.46174],[150.58645,-22.4619],[150.58611,-22.46286],[150.58638,-22.46406],[150.58616,-22.46437],[150.58538,-22.46457],[150.58458,-22.4641],[150.5844,-22.46368],[150.58459,-22.46225],[150.58438,-22.46164],[150.58379,-22.46112],[150.5831,-22.46117],[150.58293,-22.46274],[150.58342,-22.46442],[150.58388,-22.46477],[150.5834,-22.46539],[150.58309,-22.46535],[150.58298,-22.46483],[150.58129,-22.46338],[150.58158,-22.46205],[150.58138,-22.46051],[150.58114,-22.46018],[150.58068,-22.45995],[150.58061,-22.46011],[150.58015,-22.46014],[150.57943,-22.45926],[150.57852,-22.45854],[150.57822,-22.45873],[150.57806,-22.45866],[150.57794,-22.45814],[150.5776,-22.45774],[150.57661,-22.45745],[150.57512,-22.45655],[150.57441,-22.45647],[150.57033,-22.45468],[150.56928,-22.45489],[150.56403,-22.45283],[150.56145,-22.45212],[150.55982,-22.45179],[150.55825,-22.4519],[150.55726,-22.45177],[150.55549,-22.45207],[150.5527,-22.45146],[150.55024,-22.45041],[150.54864,-22.45013],[150.54721,-22.44948],[150.54636,-22.44942],[150.54257,-22.44782],[150.54158,-22.44768],[150.54029,-22.44685],[150.53961,-22.44669],[150.53902,-22.4468],[150.53856,-22.44627],[150.53489,-22.44517],[150.53379,-22.44522],[150.53342,-22.44547],[150.53455,-22.45073],[150.53596,-22.45327],[150.53709,-22.45429],[150.53892,-22.45746],[150.5397,-22.4578],[150.54006,-22.45845],[150.54091,-22.45897],[150.54119,-22.45942],[150.54113,-22.46036],[150.54127,-22.46074],[150.54213,-22.46139],[150.54495,-22.46443],[150.54648,-22.46557],[150.54744,-22.46815],[150.54782,-22.46847],[150.5478,-22.46912],[150.54793,-22.46928],[150.54866,-22.4696],[150.54908,-22.47057],[150.55099,-22.47162],[150.55131,-22.47204],[150.55146,-22.47285],[150.55179,-22.473],[150.55234,-22.47367],[150.55292,-22.47395],[150.55364,-22.47385],[150.55385,-22.47401],[150.55385,-22.47449],[150.55398,-22.47462],[150.55463,-22.47475],[150.55581,-22.47536],[150.55611,-22.476],[150.55673,-22.47628],[150.55733,-22.47745],[150.55775,-22.47779],[150.55901,-22.47823],[150.55959,-22.47826],[150.56363,-22.47806],[150.56556,-22.4777],[150.56761,-22.47772],[150.56814,-22.47802],[150.57091,-22.47831],[150.5737,-22.47892],[150.57606,-22.47971],[150.57656,-22.47949],[150.57735,-22.48],[150.57853,-22.48032],[150.57932,-22.48031],[150.57942,-22.4808],[150.58008,-22.48147],[150.5866,-22.48561],[150.58701,-22.48571],[150.58699,-22.48705],[150.58803,-22.48805],[150.58847,-22.48818],[150.58872,-22.4887],[150.58951,-22.48904],[150.58978,-22.48946],[150.59017,-22.48949],[150.59036,-22.4898],[150.59143,-22.4904],[150.59245,-22.49066],[150.5931,-22.49106],[150.59313,-22.49125],[150.59511,-22.49215],[150.59779,-22.49368],[150.59876,-22.49384],[150.59879,-22.49412],[150.59994,-22.49436],[150.60004,-22.49468],[150.59938,-22.49463],[150.59985,-22.49504],[150.60173,-22.49601],[150.60321,-22.49655],[150.60346,-22.49698],[150.60373,-22.49708],[150.60655,-22.49782],[150.60788,-22.49773],[150.60829,-22.49844],[150.60944,-22.49851],[150.61023,-22.49827],[150.6116,-22.49867],[150.61224,-22.49862],[150.61231,-22.49835],[150.61263,-22.49879],[150.61294,-22.49865],[150.61289,-22.49896],[150.61271,-22.49905],[150.61232,-22.49884],[150.61168,-22.49919],[150.61163,-22.49938],[150.61194,-22.49965],[150.61157,-22.49971],[150.61158,-22.49992],[150.61119,-22.5],[150.61088,-22.49965],[150.61093,-22.49908],[150.61055,-22.49882],[150.61013,-22.49876],[150.60999,-22.49901],[150.60948,-22.49902],[150.60915,-22.49917],[150.609,-22.49946],[150.60837,-22.49951],[150.60819,-22.4992],[150.6079,-22.49914],[150.60796,-22.50009],[150.60781,-22.50062],[150.60757,-22.5008],[150.60704,-22.49958],[150.60672,-22.49929],[150.60636,-22.49917],[150.6059,-22.49931],[150.60554,-22.49904],[150.60491,-22.49902],[150.60448,-22.49859],[150.60421,-22.49865],[150.6041,-22.49884],[150.60236,-22.4982],[150.60072,-22.49726],[150.59841,-22.49644],[150.59737,-22.49534],[150.59716,-22.49536],[150.59708,-22.49585],[150.59687,-22.49587],[150.59676,-22.49523],[150.59586,-22.49445],[150.59302,-22.49342],[150.59263,-22.49284],[150.59035,-22.49159],[150.58993,-22.49149],[150.58524,-22.48808],[150.58458,-22.48789],[150.58214,-22.48576],[150.5802,-22.48439],[150.57589,-22.48232],[150.57499,-22.4822],[150.57395,-22.48175],[150.57223,-22.48131],[150.57021,-22.48119],[150.56896,-22.48087],[150.56517,-22.48092],[150.56133,-22.48132],[150.5601,-22.48122],[150.55569,-22.48162],[150.55479,-22.48271],[150.55398,-22.48303],[150.55324,-22.48378],[150.55275,-22.48378],[150.55252,-22.48404],[150.55294,-22.48467],[150.5535,-22.48509],[150.55367,-22.48582],[150.55438,-22.48692],[150.55434,-22.48742],[150.55477,-22.48853],[150.55539,-22.48911],[150.55561,-22.48967],[150.55613,-22.49012],[150.5561,-22.49103],[150.55666,-22.49163],[150.55651,-22.4924],[150.55697,-22.49265],[150.55797,-22.4939],[150.55863,-22.49444],[150.5587,-22.49502],[150.55959,-22.49608],[150.56046,-22.49671],[150.56136,-22.4968],[150.56113,-22.49724],[150.56124,-22.49773],[150.56397,-22.50161],[150.56452,-22.50215],[150.56508,-22.5025],[150.5661,-22.50272],[150.56753,-22.50217],[150.56741,-22.50248],[150.5676,-22.50299],[150.56664,-22.50329],[150.56647,-22.50365],[150.56666,-22.50402],[150.56769,-22.50436],[150.56843,-22.50443],[150.56932,-22.5051],[150.57093,-22.5054],[150.57195,-22.50531],[150.57269,-22.50576],[150.57406,-22.50571],[150.57522,-22.50633],[150.57672,-22.50645],[150.5781,-22.50684],[150.57957,-22.50679],[150.5802,-22.50712],[150.58133,-22.50708],[150.58261,-22.50791],[150.58343,-22.5082],[150.58605,-22.50858],[150.58776,-22.50823],[150.58851,-22.50894],[150.58936,-22.50922],[150.59071,-22.5094],[150.59122,-22.50961],[150.59165,-22.50952],[150.59296,-22.50968],[150.59485,-22.51054],[150.59899,-22.51143],[150.59962,-22.51183],[150.5996,-22.51205],[150.59984,-22.51222],[150.6018,-22.51262],[150.60291,-22.51262],[150.60417,-22.5131],[150.60478,-22.51299],[150.60536,-22.51314],[150.60651,-22.51308],[150.60719,-22.51254],[150.60797,-22.51252],[150.60856,-22.51328],[150.60848,-22.51354],[150.60884,-22.51358],[150.6088,-22.51572],[150.60837,-22.51572],[150.60798,-22.51598],[150.60814,-22.51698],[150.61086,-22.51983],[150.6122,-22.52062],[150.61254,-22.52061],[150.61317,-22.51965],[150.61345,-22.51961],[150.613,-22.52042],[150.61298,-22.52087],[150.61321,-22.52125],[150.61359,-22.52137],[150.61383,-22.52252],[150.61562,-22.52477],[150.6164,-22.52509],[150.61656,-22.52578],[150.61713,-22.52618],[150.6175,-22.52679],[150.61809,-22.52723],[150.61832,-22.52762],[150.61861,-22.52754],[150.61926,-22.52833],[150.61923,-22.52866],[150.62077,-22.52972],[150.62101,-22.53091],[150.62217,-22.53177],[150.6231,-22.5328],[150.62416,-22.5332],[150.62525,-22.53319],[150.6261,-22.53357],[150.6266,-22.53351],[150.62755,-22.53371],[150.62788,-22.5348],[150.63059,-22.53619],[150.63096,-22.53621],[150.63122,-22.53597],[150.63146,-22.53637],[150.63333,-22.53658],[150.63353,-22.53581],[150.63373,-22.53574],[150.63415,-22.53663],[150.63449,-22.53677],[150.63493,-22.53655],[150.63566,-22.53719],[150.6355,-22.53746],[150.63567,-22.53785],[150.63655,-22.53791],[150.63689,-22.53784],[150.63711,-22.53759],[150.63689,-22.5371],[150.63711,-22.53665],[150.63726,-22.53655],[150.63762,-22.53699],[150.63788,-22.53694],[150.63786,-22.53575],[150.63818,-22.53568],[150.63814,-22.53599],[150.63858,-22.53615],[150.6388,-22.53644],[150.63878,-22.53689],[150.63895,-22.53699],[150.63915,-22.53666],[150.63975,-22.53682],[150.63955,-22.53756],[150.63844,-22.53772],[150.63811,-22.53785],[150.63807,-22.5381],[150.64021,-22.53797],[150.6409,-22.53769],[150.64176,-22.53821],[150.6434,-22.53834],[150.64452,-22.53801],[150.64629,-22.53716],[150.64605,-22.53643],[150.64677,-22.53694],[150.64722,-22.53693],[150.64843,-22.53596],[150.64852,-22.53547],[150.64828,-22.53502],[150.64765,-22.53473],[150.64641,-22.53365],[150.64638,-22.53268],[150.64748,-22.5326],[150.6479,-22.53317],[150.64906,-22.5338],[150.65085,-22.53337],[150.65115,-22.53386],[150.65182,-22.53375],[150.65172,-22.534],[150.651,-22.53436],[150.65078,-22.53481],[150.65084,-22.53588],[150.65144,-22.5357],[150.65173,-22.53583],[150.65169,-22.53613],[150.65124,-22.53651],[150.6516,-22.53679],[150.65161,-22.5371],[150.65118,-22.53713],[150.6508,-22.53737],[150.65052,-22.53828],[150.65,-22.53897],[150.64935,-22.54081],[150.6489,-22.54164],[150.64896,-22.54201],[150.64922,-22.54232],[150.64972,-22.54253],[150.64961,-22.54279],[150.64977,-22.54327],[150.65037,-22.54378],[150.65041,-22.54406],[150.65075,-22.5441],[150.65047,-22.54456],[150.65124,-22.54631],[150.65086,-22.54648],[150.65082,-22.54698],[150.65062,-22.5468],[150.65054,-22.54605],[150.65025,-22.54604],[150.65019,-22.54571],[150.64952,-22.54475],[150.64929,-22.54478],[150.64952,-22.54543],[150.6495,-22.54565],[150.6493,-22.54569],[150.64864,-22.54421],[150.64793,-22.54352],[150.64733,-22.54337],[150.64684,-22.54346],[150.64581,-22.54496],[150.64566,-22.54481],[150.64585,-22.54409],[150.64544,-22.54364],[150.64478,-22.54358],[150.64379,-22.54385],[150.64263,-22.54339],[150.64143,-22.54346],[150.64058,-22.5433],[150.63871,-22.54397],[150.6384,-22.54427],[150.63738,-22.54662],[150.63669,-22.54703],[150.63624,-22.54754],[150.6363,-22.54798],[150.63654,-22.54817],[150.63848,-22.549],[150.63969,-22.54929],[150.64044,-22.54912],[150.64046,-22.54952],[150.64175,-22.55044],[150.6415,-22.55077],[150.64087,-22.55098],[150.64094,-22.55133],[150.64406,-22.55533],[150.64434,-22.55556],[150.64481,-22.55564],[150.64504,-22.55603],[150.64588,-22.55629],[150.64753,-22.55636],[150.64816,-22.55627],[150.64932,-22.5556],[150.64957,-22.55565],[150.64963,-22.55588],[150.64945,-22.55615],[150.64843,-22.55707],[150.64688,-22.55747],[150.64645,-22.55782],[150.64551,-22.55786],[150.64522,-22.55812],[150.64181,-22.55726],[150.64139,-22.55784],[150.64103,-22.55767],[150.64105,-22.55706],[150.64075,-22.55644],[150.64044,-22.55638],[150.64038,-22.55612],[150.64001,-22.55584],[150.63942,-22.5557],[150.63875,-22.55525],[150.63843,-22.55483],[150.63774,-22.55491],[150.63755,-22.5548],[150.63732,-22.55408],[150.63681,-22.55376],[150.63662,-22.55401],[150.63694,-22.55463],[150.63701,-22.5552],[150.63687,-22.55522],[150.63664,-22.55468],[150.63503,-22.55252],[150.63394,-22.55218],[150.63365,-22.55225],[150.63366,-22.55251],[150.63307,-22.5523],[150.63232,-22.55254],[150.6322,-22.55235],[150.63271,-22.55191],[150.63255,-22.55164],[150.63184,-22.55162],[150.63079,-22.55123],[150.63033,-22.55126],[150.63032,-22.55184],[150.62995,-22.55297],[150.62942,-22.55376],[150.63014,-22.55427],[150.63152,-22.55588],[150.63284,-22.55666],[150.63357,-22.55734],[150.63418,-22.55835],[150.63434,-22.55942],[150.63426,-22.55958],[150.63407,-22.55947],[150.63362,-22.55794],[150.63247,-22.55703],[150.63123,-22.55683],[150.63098,-22.55691],[150.6307,-22.5575],[150.6306,-22.55659],[150.63004,-22.55582],[150.62946,-22.55543],[150.62803,-22.55508],[150.62743,-22.55513],[150.62714,-22.55541],[150.62604,-22.55515],[150.62511,-22.55468],[150.62478,-22.55474],[150.62481,-22.55503],[150.62579,-22.55544],[150.62586,-22.55577],[150.62566,-22.55596],[150.62585,-22.55629],[150.62577,-22.5567],[150.62609,-22.558],[150.62671,-22.55803],[150.6271,-22.55713],[150.62736,-22.55715],[150.62749,-22.55747],[150.62778,-22.55707],[150.62795,-22.55746],[150.62767,-22.55771],[150.62772,-22.5579],[150.62832,-22.55863],[150.62811,-22.55911],[150.62686,-22.55926],[150.62671,-22.55949],[150.62739,-22.56057],[150.62764,-22.56064],[150.62805,-22.56039],[150.62836,-22.56052],[150.62812,-22.56107],[150.62765,-22.56116],[150.62749,-22.56138],[150.6278,-22.56228],[150.62778,-22.56277],[150.62803,-22.56316],[150.62802,-22.56369],[150.62837,-22.56371],[150.62808,-22.5643],[150.62878,-22.56485],[150.62866,-22.56497],[150.62812,-22.56482],[150.62793,-22.56497],[150.62658,-22.56492],[150.62491,-22.56254],[150.62487,-22.56178],[150.62428,-22.56093],[150.62366,-22.55863],[150.62189,-22.55691],[150.62139,-22.55689],[150.62086,-22.5572],[150.62053,-22.55763],[150.62075,-22.55675],[150.62059,-22.55581],[150.61999,-22.55515],[150.61956,-22.55493],[150.61875,-22.55488],[150.61875,-22.55419],[150.61852,-22.55344],[150.61825,-22.55303],[150.61769,-22.55293],[150.61745,-22.55271],[150.61775,-22.55194],[150.61769,-22.55167],[150.61756,-22.55148],[150.6166,-22.55123],[150.61691,-22.55087],[150.61708,-22.5495],[150.61689,-22.54894],[150.61648,-22.54903],[150.6164,-22.54686],[150.61669,-22.54675],[150.61704,-22.54622],[150.61707,-22.54483],[150.61693,-22.54463],[150.61682,-22.54477],[150.61658,-22.54575],[150.61614,-22.54601],[150.61565,-22.54601],[150.61576,-22.54559],[150.61558,-22.54541],[150.61514,-22.54535],[150.61505,-22.54506],[150.61458,-22.54478],[150.61434,-22.54413],[150.61459,-22.54393],[150.61489,-22.54398],[150.61502,-22.54368],[150.61491,-22.54343],[150.61519,-22.54353],[150.61571,-22.54318],[150.61648,-22.54332],[150.61667,-22.54321],[150.61673,-22.54214],[150.61662,-22.54089],[150.61634,-22.54008],[150.61635,-22.53929],[150.61578,-22.53815],[150.61456,-22.53462],[150.61347,-22.53251],[150.61297,-22.53181],[150.61242,-22.53137],[150.6112,-22.52966],[150.60731,-22.52557],[150.60189,-22.52191],[150.59977,-22.52112],[150.59827,-22.52036],[150.5952,-22.5196],[150.59321,-22.51874],[150.59232,-22.51894],[150.5922,-22.51848],[150.59176,-22.5183],[150.59122,-22.51819],[150.59054,-22.5183],[150.58987,-22.51801],[150.58918,-22.51813],[150.58869,-22.51772],[150.58711,-22.5176],[150.5853,-22.51685],[150.58452,-22.51694],[150.58452,-22.51756],[150.58397,-22.51749],[150.58385,-22.51731],[150.58405,-22.51672],[150.58389,-22.5166],[150.58324,-22.51665],[150.58307,-22.51722],[150.58284,-22.51722],[150.58253,-22.51663],[150.58207,-22.51632],[150.58096,-22.51641],[150.5804,-22.51605],[150.57927,-22.51579],[150.57711,-22.51569],[150.57619,-22.51585],[150.57467,-22.51568],[150.57345,-22.51587],[150.57226,-22.5158],[150.57162,-22.51612],[150.57123,-22.51687],[150.57085,-22.51703],[150.57062,-22.51734],[150.5701,-22.51725],[150.56987,-22.51798],[150.56907,-22.51874],[150.56863,-22.51876],[150.56836,-22.51823],[150.56819,-22.51819],[150.56779,-22.51836],[150.56724,-22.51817],[150.56694,-22.51847],[150.56702,-22.52017],[150.56766,-22.52293],[150.56924,-22.52587],[150.57142,-22.52884],[150.57337,-22.53096],[150.57404,-22.53141],[150.57477,-22.53161],[150.57631,-22.53124],[150.57719,-22.53027],[150.57744,-22.53032],[150.57728,-22.53082],[150.57652,-22.5317],[150.57655,-22.532],[150.57679,-22.53222],[150.57671,-22.53237],[150.57552,-22.53244],[150.57499,-22.5323],[150.5746,-22.53292],[150.57419,-22.53287],[150.57396,-22.53311],[150.57384,-22.53331],[150.57395,-22.53376],[150.57528,-22.53504],[150.57559,-22.53576],[150.57623,-22.53593],[150.57657,-22.5367],[150.57653,-22.53726],[150.58003,-22.54134],[150.58009,-22.5421],[150.58058,-22.54292],[150.58137,-22.54373],[150.58193,-22.54408],[150.58201,-22.54449],[150.58219,-22.54461],[150.58186,-22.54597],[150.58214,-22.54648],[150.58296,-22.5471],[150.58355,-22.54793],[150.58479,-22.55053],[150.58505,-22.55163],[150.58456,-22.55198],[150.58458,-22.55217],[150.58513,-22.55269],[150.58516,-22.5534],[150.58479,-22.55372],[150.5855,-22.55441],[150.5855,-22.55587],[150.58644,-22.55683],[150.58718,-22.55694],[150.58748,-22.55763],[150.58769,-22.55786],[150.58799,-22.55791],[150.58845,-22.55984],[150.58888,-22.56037],[150.58958,-22.56083],[150.5898,-22.56227],[150.59062,-22.56299],[150.59057,-22.56327],[150.5903,-22.56343],[150.59035,-22.56372],[150.59066,-22.56393],[150.59164,-22.56402],[150.5919,-22.5646],[150.59164,-22.56511],[150.59268,-22.56576],[150.59263,-22.5662],[150.59289,-22.56655],[150.59292,-22.56688],[150.59195,-22.56765],[150.59167,-22.56814],[150.59185,-22.56931],[150.59167,-22.57024],[150.59204,-22.5717],[150.59224,-22.57198],[150.59223,-22.57248],[150.59311,-22.573],[150.59358,-22.57287],[150.59376,-22.57304],[150.59364,-22.57351],[150.59314,-22.57396],[150.59237,-22.57405],[150.59254,-22.575],[150.59294,-22.57546],[150.59293,-22.57602],[150.59273,-22.57679],[150.59212,-22.5774],[150.59204,-22.57768],[150.59191,-22.57981],[150.59155,-22.58011],[150.59134,-22.58057],[150.59053,-22.58063],[150.59042,-22.58082],[150.59129,-22.58206],[150.59239,-22.58224],[150.59329,-22.58362],[150.59516,-22.58547],[150.59586,-22.58585],[150.59689,-22.58604],[150.59717,-22.58631],[150.59933,-22.58946],[150.60242,-22.59201],[150.60368,-22.59429],[150.60555,-22.59645],[150.60587,-22.59648],[150.60646,-22.59609],[150.60735,-22.59585],[150.60789,-22.59607],[150.60851,-22.59584],[150.60869,-22.59648],[150.60891,-22.59647],[150.60894,-22.59617],[150.60963,-22.5964],[150.60967,-22.59688],[150.61065,-22.5973],[150.60897,-22.59715],[150.60859,-22.59734],[150.60892,-22.59789],[150.60783,-22.59736],[150.60654,-22.59784],[150.60766,-22.60018],[150.60817,-22.60011],[150.60852,-22.60036],[150.60839,-22.60065],[150.60853,-22.60087],[150.60847,-22.60162],[150.60796,-22.60177],[150.60784,-22.60205],[150.60792,-22.60482],[150.60821,-22.60508],[150.60863,-22.60496],[150.60891,-22.60558],[150.60882,-22.60597],[150.60988,-22.60735],[150.61003,-22.60815],[150.61088,-22.6092],[150.61137,-22.61033],[150.61234,-22.61149],[150.61369,-22.61271],[150.61428,-22.61307],[150.61471,-22.6131],[150.61518,-22.61365],[150.61556,-22.61375],[150.61584,-22.61328],[150.61609,-22.61323],[150.61606,-22.61392],[150.6168,-22.61396],[150.61687,-22.61403],[150.61643,-22.61428],[150.61699,-22.61472],[150.61767,-22.61505],[150.61813,-22.61504],[150.61836,-22.61526],[150.61881,-22.61523],[150.61891,-22.61685],[150.61924,-22.61716],[150.62005,-22.61745],[150.61878,-22.62105],[150.61731,-22.62082],[150.617,-22.6211],[150.61704,-22.62165],[150.61833,-22.62368],[150.61896,-22.62558],[150.61939,-22.62619],[150.61989,-22.62744],[150.62025,-22.62761],[150.62048,-22.6273],[150.62118,-22.62736],[150.62075,-22.62746],[150.62057,-22.62773],[150.62092,-22.62777],[150.62108,-22.62806],[150.62088,-22.62812],[150.62055,-22.6279],[150.62067,-22.62828],[150.62023,-22.62809],[150.62,-22.6282],[150.61982,-22.62863],[150.61988,-22.62887],[150.62152,-22.62989],[150.62201,-22.6298],[150.62207,-22.62955],[150.6219,-22.62918],[150.62231,-22.62947],[150.62232,-22.62895],[150.62257,-22.62939],[150.62281,-22.62915],[150.62292,-22.62934],[150.62327,-22.62937],[150.62272,-22.62958],[150.62233,-22.63008],[150.62309,-22.63052],[150.62317,-22.63079],[150.62276,-22.63054],[150.62242,-22.63083],[150.62221,-22.63052],[150.62194,-22.63049],[150.62173,-22.63058],[150.62164,-22.6309],[150.62178,-22.63113],[150.62242,-22.63143],[150.62293,-22.63202],[150.62411,-22.63243],[150.62369,-22.6349],[150.62414,-22.63577],[150.62496,-22.63589],[150.62463,-22.63659],[150.62568,-22.63865],[150.62175,-22.64127],[150.62132,-22.64108],[150.62017,-22.64157],[150.61995,-22.64213],[150.6201,-22.64301],[150.61995,-22.64298],[150.61839,-22.6406],[150.61788,-22.64023],[150.61732,-22.64016],[150.61732,-22.63979],[150.61685,-22.63878],[150.61622,-22.6379],[150.61552,-22.63742],[150.61427,-22.63773],[150.61204,-22.63879],[150.61101,-22.63991],[150.61073,-22.64007],[150.61041,-22.64004],[150.61027,-22.63973],[150.61074,-22.63973],[150.61143,-22.63862],[150.61262,-22.63759],[150.61289,-22.63599],[150.61354,-22.63492],[150.61351,-22.6347],[150.61272,-22.63407],[150.61187,-22.6338],[150.61076,-22.634],[150.60997,-22.63397],[150.60942,-22.63366],[150.60923,-22.63381],[150.60919,-22.6343],[150.60884,-22.63367],[150.60837,-22.63351],[150.60767,-22.63374],[150.60683,-22.63441],[150.60642,-22.63445],[150.60649,-22.63423],[150.60687,-22.63407],[150.60735,-22.63349],[150.60941,-22.6322],[150.60979,-22.63162],[150.61057,-22.63098],[150.61036,-22.63045],[150.60859,-22.62956],[150.60845,-22.62924],[150.60884,-22.62879],[150.61023,-22.62806],[150.61016,-22.62745],[150.6093,-22.62701],[150.60911,-22.62672],[150.60917,-22.62643],[150.61029,-22.62496],[150.61024,-22.62455],[150.60985,-22.62398],[150.60998,-22.62251],[150.60982,-22.62197],[150.60934,-22.62154],[150.60854,-22.62143],[150.60702,-22.62232],[150.60706,-22.62255],[150.60729,-22.62263],[150.60696,-22.62309],[150.60627,-22.62292],[150.60591,-22.62312],[150.60596,-22.62339],[150.60638,-22.62359],[150.60636,-22.6238],[150.60586,-22.62398],[150.6056,-22.62363],[150.60536,-22.62372],[150.60576,-22.62412],[150.60584,-22.62444],[150.60563,-22.62449],[150.60526,-22.62422],[150.60516,-22.62442],[150.60537,-22.62484],[150.60495,-22.62469],[150.60499,-22.6252],[150.6048,-22.62495],[150.60458,-22.62514],[150.60438,-22.62506],[150.60434,-22.62474],[150.6048,-22.62345],[150.60379,-22.62374],[150.60362,-22.62374],[150.60358,-22.62354],[150.60479,-22.62281],[150.60522,-22.6222],[150.60528,-22.62161],[150.60501,-22.62121],[150.60414,-22.62103],[150.60408,-22.6209],[150.60438,-22.62089],[150.60465,-22.62067],[150.60579,-22.61882],[150.60497,-22.61729],[150.60419,-22.61634],[150.60306,-22.61598],[150.60261,-22.6156],[150.60219,-22.61549],[150.60192,-22.61579],[150.60183,-22.61636],[150.60159,-22.61641],[150.60171,-22.61514],[150.60136,-22.61478],[150.60069,-22.61476],[150.60101,-22.61449],[150.60099,-22.61286],[150.60139,-22.61081],[150.60113,-22.60958],[150.60087,-22.6094],[150.60008,-22.60962],[150.59994,-22.61033],[150.59957,-22.6104],[150.5993,-22.6109],[150.59851,-22.61096],[150.59878,-22.61068],[150.59878,-22.61015],[150.59924,-22.60975],[150.59944,-22.60871],[150.5998,-22.6087],[150.60014,-22.60916],[150.60038,-22.60909],[150.60044,-22.60881],[150.60008,-22.60739],[150.59975,-22.60678],[150.59942,-22.60686],[150.59932,-22.60756],[150.59892,-22.60762],[150.59864,-22.60815],[150.5985,-22.60815],[150.59862,-22.60782],[150.59838,-22.6077],[150.59874,-22.60745],[150.59973,-22.60611],[150.59861,-22.60405],[150.5984,-22.60394],[150.59803,-22.60407],[150.59779,-22.6045],[150.59754,-22.60461],[150.59757,-22.60508],[150.59721,-22.60521],[150.59701,-22.6055],[150.59658,-22.60544],[150.59697,-22.60515],[150.59775,-22.60395],[150.5983,-22.60366],[150.59837,-22.60333],[150.5978,-22.60279],[150.5975,-22.6023],[150.59753,-22.60206],[150.59713,-22.60185],[150.59652,-22.60093],[150.59489,-22.59975],[150.59399,-22.59943],[150.59425,-22.59925],[150.59423,-22.59904],[150.59154,-22.59674],[150.59108,-22.59658],[150.59123,-22.5975],[150.59067,-22.59745],[150.5906,-22.59718],[150.59022,-22.59705],[150.59031,-22.59657],[150.59067,-22.59623],[150.59061,-22.59588],[150.58778,-22.59332],[150.58708,-22.59169],[150.58644,-22.59141],[150.58469,-22.59139],[150.58387,-22.59114],[150.58252,-22.59006],[150.58085,-22.58827],[150.58054,-22.58774],[150.57999,-22.58727],[150.5796,-22.58636],[150.57843,-22.58562],[150.57801,-22.58429],[150.57786,-22.58422],[150.57762,-22.58437],[150.57509,-22.58375],[150.57475,-22.58269],[150.57414,-22.58256],[150.57391,-22.58216],[150.57418,-22.58183],[150.574,-22.58149],[150.57434,-22.58112],[150.5743,-22.58086],[150.5739,-22.58091],[150.57359,-22.58045],[150.57376,-22.58007],[150.57349,-22.57949],[150.57383,-22.5793],[150.57359,-22.57906],[150.57334,-22.57921],[150.57322,-22.57898],[150.57357,-22.57706],[150.57321,-22.57667],[150.57294,-22.57676],[150.57277,-22.57664],[150.57326,-22.57602],[150.57334,-22.57555],[150.57316,-22.57505],[150.57234,-22.57399],[150.57174,-22.57248],[150.57133,-22.57232],[150.5712,-22.57173],[150.57096,-22.57156],[150.56999,-22.57298],[150.56957,-22.57323],[150.56929,-22.5732],[150.56922,-22.57289],[150.56985,-22.57251],[150.57025,-22.57184],[150.57042,-22.57081],[150.56947,-22.57003],[150.56873,-22.56901],[150.56793,-22.56838],[150.56724,-22.56752],[150.5666,-22.56729],[150.56568,-22.56799],[150.56532,-22.56853],[150.56514,-22.56854],[150.56561,-22.56775],[150.56574,-22.56703],[150.56544,-22.56646],[150.56473,-22.56644],[150.56445,-22.5667],[150.56469,-22.56724],[150.56455,-22.56759],[150.56441,-22.56756],[150.56431,-22.56716],[150.56416,-22.56718],[150.56388,-22.56794],[150.56329,-22.56824],[150.56348,-22.56788],[150.56312,-22.56767],[150.56312,-22.56752],[150.56355,-22.56714],[150.56382,-22.56596],[150.56311,-22.56489],[150.56233,-22.56516],[150.56209,-22.56476],[150.56115,-22.5647],[150.56075,-22.56446],[150.55927,-22.56444],[150.5583,-22.56415],[150.55617,-22.56392],[150.55548,-22.564],[150.55491,-22.5647],[150.55464,-22.56607],[150.55443,-22.56619],[150.5532,-22.56607],[150.55193,-22.56718],[150.55133,-22.56739],[150.55112,-22.56767],[150.55116,-22.56864],[150.55101,-22.56881],[150.55076,-22.56873],[150.55036,-22.56891],[150.54994,-22.5699],[150.54962,-22.57102],[150.54928,-22.57327],[150.54462,-22.57382],[150.54347,-22.5711],[150.54375,-22.57085],[150.54424,-22.56974],[150.54457,-22.56968],[150.54482,-22.56943],[150.54517,-22.56847],[150.54492,-22.56841],[150.54444,-22.5686],[150.54333,-22.56828],[150.54263,-22.56777],[150.54231,-22.56774],[150.54215,-22.56746],[150.54239,-22.56719],[150.54224,-22.56667],[150.54231,-22.56635],[150.54321,-22.56702],[150.54428,-22.56746],[150.54519,-22.5674],[150.54567,-22.56684],[150.54607,-22.56529],[150.546,-22.56447],[150.5458,-22.5639],[150.5456,-22.56379],[150.54542,-22.56472],[150.54513,-22.56473],[150.54498,-22.5646],[150.54487,-22.5639],[150.54497,-22.56263],[150.54539,-22.5624],[150.54541,-22.56216],[150.54462,-22.56211],[150.54245,-22.56088],[150.54219,-22.56056],[150.54223,-22.55946],[150.54149,-22.55855],[150.54018,-22.5578],[150.54005,-22.55743],[150.53918,-22.5568],[150.53824,-22.5565],[150.53654,-22.55548],[150.53598,-22.55479],[150.53302,-22.55371],[150.53158,-22.55359],[150.53051,-22.55309],[150.5286,-22.5528],[150.52759,-22.55224],[150.52562,-22.55163],[150.52421,-22.55144],[150.5236,-22.55094],[150.52165,-22.55081],[150.52084,-22.55021],[150.51971,-22.54994],[150.5187,-22.54865],[150.51823,-22.54843],[150.51768,-22.54787],[150.51727,-22.54783],[150.51698,-22.54711],[150.51622,-22.54695],[150.51494,-22.54629],[150.51465,-22.54596],[150.51422,-22.54488],[150.51301,-22.54449],[150.51218,-22.54346],[150.51128,-22.54288],[150.51043,-22.54256],[150.50958,-22.54248],[150.50746,-22.54157],[150.50361,-22.5395],[150.50277,-22.53868],[150.50156,-22.53792],[150.50033,-22.53757],[150.50025,-22.53712],[150.5005,-22.53642],[150.4996,-22.53641],[150.49911,-22.53602],[150.49833,-22.53623],[150.49779,-22.53617],[150.49741,-22.53565],[150.49771,-22.53533],[150.49757,-22.53486],[150.4963,-22.535],[150.49612,-22.53478],[150.49636,-22.53464],[150.49634,-22.5344],[150.49613,-22.5343],[150.49557,-22.53332],[150.49508,-22.53292],[150.49504,-22.53274],[150.49553,-22.53192],[150.4951,-22.53164],[150.49514,-22.53098],[150.49422,-22.5311],[150.49294,-22.53042],[150.4924,-22.52979],[150.49241,-22.52913],[150.49189,-22.52861],[150.4918,-22.52785],[150.49201,-22.5274],[150.49325,-22.52636],[150.4932,-22.52611],[150.49231,-22.52403],[150.49147,-22.5225],[150.49091,-22.52188],[150.48941,-22.52101],[150.48872,-22.52092],[150.48712,-22.52112],[150.4867,-22.52162],[150.48714,-22.52232],[150.48728,-22.52304],[150.48769,-22.52326],[150.48723,-22.5235],[150.48763,-22.525],[150.48741,-22.52512],[150.48741,-22.52567],[150.48776,-22.52751],[150.48834,-22.52813],[150.48832,-22.52867],[150.4897,-22.53038],[150.49361,-22.53377],[150.49644,-22.53713],[150.49828,-22.53866],[150.49705,-22.5403],[150.49656,-22.54011],[150.49548,-22.54187],[150.49098,-22.5422],[150.48982,-22.53975],[150.48833,-22.53891],[150.48805,-22.53838],[150.48756,-22.53798],[150.48714,-22.53821],[150.4869,-22.53817],[150.48738,-22.53743],[150.48646,-22.53657],[150.48575,-22.53554],[150.48554,-22.53553],[150.48518,-22.53592],[150.48461,-22.53564],[150.48405,-22.53488],[150.48363,-22.53465],[150.48264,-22.53488],[150.48289,-22.5342],[150.48277,-22.53398],[150.48138,-22.53294],[150.48063,-22.53344],[150.48018,-22.53308],[150.47969,-22.532],[150.47925,-22.5316],[150.47815,-22.53123],[150.4775,-22.53156],[150.47693,-22.53138],[150.47626,-22.53143],[150.47583,-22.53099],[150.47505,-22.53093],[150.47459,-22.53118],[150.47445,-22.532],[150.47411,-22.53212],[150.47337,-22.53172],[150.4728,-22.53162],[150.47296,-22.53147],[150.4738,-22.53136],[150.47379,-22.53106],[150.47335,-22.53116],[150.47321,-22.53077],[150.47262,-22.53104],[150.4725,-22.53078],[150.47196,-22.53046],[150.47161,-22.53065],[150.47152,-22.53103],[150.47122,-22.53106],[150.47067,-22.53037],[150.47085,-22.53003],[150.4714,-22.53022],[150.47161,-22.52992],[150.47253,-22.5303],[150.47319,-22.53024],[150.47357,-22.53037],[150.47455,-22.53018],[150.47447,-22.52984],[150.47411,-22.52959],[150.47401,-22.5292],[150.47307,-22.52849],[150.47299,-22.52783],[150.47278,-22.52765],[150.47241,-22.52763],[150.47159,-22.52797],[150.47065,-22.52799],[150.46805,-22.52774],[150.4673,-22.52754],[150.46675,-22.52793],[150.46641,-22.52797],[150.46596,-22.52773],[150.46607,-22.52743],[150.46763,-22.52692],[150.46785,-22.52659],[150.46742,-22.52659],[150.46686,-22.52635],[150.46477,-22.52626],[150.46334,-22.52638],[150.46256,-22.52597],[150.46201,-22.52547],[150.4617,-22.52542],[150.46134,-22.52573],[150.46078,-22.52586],[150.46063,-22.52554],[150.45749,-22.52445],[150.45645,-22.52439],[150.45567,-22.52402],[150.45535,-22.52419],[150.4548,-22.52415],[150.4531,-22.52365],[150.45272,-22.52329],[150.45232,-22.52362],[150.45185,-22.52352],[150.45147,-22.52306],[150.45091,-22.52276],[150.4504,-22.52289],[150.45014,-22.52338],[150.45029,-22.52368],[150.44974,-22.5237],[150.44932,-22.524],[150.44897,-22.52394],[150.44884,-22.52413],[150.44889,-22.52481],[150.44801,-22.52498],[150.44676,-22.52473],[150.44665,-22.52327],[150.44676,-22.52302],[150.44664,-22.52272],[150.44617,-22.52212],[150.44535,-22.52183],[150.44545,-22.52139],[150.44496,-22.52045],[150.44449,-22.52],[150.44423,-22.51927],[150.44396,-22.51906],[150.44371,-22.51847],[150.44301,-22.5177],[150.44228,-22.51721],[150.44163,-22.51637],[150.44086,-22.51629],[150.44084,-22.51562],[150.44026,-22.51473],[150.43984,-22.51461],[150.44007,-22.51419],[150.43956,-22.51376],[150.43971,-22.51342],[150.43943,-22.51256],[150.43904,-22.51247],[150.43851,-22.51273],[150.43864,-22.51326],[150.43838,-22.51301],[150.43806,-22.51299],[150.4374,-22.51335],[150.43732,-22.51362],[150.43679,-22.51328],[150.43626,-22.51349],[150.43571,-22.51282],[150.43577,-22.51257],[150.43554,-22.51234],[150.43598,-22.51231],[150.4362,-22.51207],[150.43652,-22.51064],[150.43621,-22.5099],[150.43563,-22.50981],[150.4356,-22.50953],[150.43535,-22.50927],[150.43533,-22.50882],[150.43459,-22.50873],[150.43386,-22.50762],[150.43102,-22.50487],[150.43054,-22.50465],[150.43013,-22.50474],[150.42974,-22.50459],[150.42941,-22.50419],[150.42924,-22.50361],[150.42838,-22.50292],[150.42756,-22.5025],[150.42642,-22.50139],[150.42599,-22.50147],[150.42583,-22.50201],[150.42539,-22.50199],[150.42435,-22.50065],[150.42482,-22.49999],[150.42459,-22.4997],[150.42398,-22.49989],[150.42361,-22.49974],[150.42361,-22.50039],[150.42349,-22.50045],[150.42207,-22.49957],[150.42108,-22.49953],[150.42119,-22.49905],[150.42108,-22.4984],[150.42082,-22.49837],[150.42065,-22.49865],[150.42017,-22.49835],[150.4199,-22.49865],[150.41949,-22.49842],[150.41882,-22.49846],[150.41866,-22.49825],[150.41895,-22.49797],[150.41887,-22.49783],[150.41787,-22.49765],[150.41755,-22.49736],[150.41756,-22.49717],[150.41813,-22.49699],[150.41823,-22.49669],[150.41685,-22.49625],[150.41644,-22.49664],[150.4163,-22.49661],[150.41535,-22.49582],[150.41418,-22.49557],[150.41401,-22.49532],[150.41444,-22.49488],[150.41357,-22.49436],[150.41333,-22.49435],[150.41289,-22.4947],[150.41239,-22.49465],[150.41177,-22.49495],[150.41017,-22.49496],[150.4095,-22.49551],[150.40952,-22.4958],[150.40759,-22.49578],[150.40733,-22.49597],[150.40673,-22.4955],[150.40564,-22.49551],[150.40421,-22.49602],[150.40394,-22.49481],[150.40421,-22.49428],[150.40511,-22.49379],[150.40703,-22.4931],[150.40713,-22.49274],[150.40671,-22.49131],[150.40648,-22.49105],[150.40598,-22.49118],[150.40459,-22.4878],[150.40375,-22.4867],[150.40321,-22.48558],[150.40292,-22.48228],[150.40356,-22.4811],[150.40227,-22.48085],[150.40204,-22.48065],[150.40186,-22.48011],[150.40098,-22.47998],[150.40067,-22.47909],[150.40022,-22.47838],[150.39913,-22.47753],[150.39816,-22.47742],[150.39763,-22.47752],[150.39747,-22.47709],[150.39661,-22.47729],[150.396,-22.47711],[150.39589,-22.47599],[150.39553,-22.47557],[150.39465,-22.47511],[150.39212,-22.47446],[150.38869,-22.47282],[150.38676,-22.4725],[150.38686,-22.47185],[150.38613,-22.4712],[150.38528,-22.46991],[150.38467,-22.46953],[150.38471,-22.46858],[150.38493,-22.46802],[150.3845,-22.46734],[150.38421,-22.46623],[150.38417,-22.46507],[150.38199,-22.46433],[150.38058,-22.46341],[150.37884,-22.46296],[150.3783,-22.46302],[150.37645,-22.46383],[150.37524,-22.46409],[150.3737,-22.46396],[150.36934,-22.46272],[150.36798,-22.46278],[150.36718,-22.46308],[150.36712,-22.46289],[150.36746,-22.46214],[150.36662,-22.46112],[150.36702,-22.46056],[150.36684,-22.46028],[150.36615,-22.46028],[150.36542,-22.45964],[150.36539,-22.4589],[150.36517,-22.45858],[150.36436,-22.45865],[150.36365,-22.45835],[150.36363,-22.45778],[150.36339,-22.45739],[150.36116,-22.45564],[150.35858,-22.45312],[150.3573,-22.45146],[150.35657,-22.4501],[150.3558,-22.44939],[150.35551,-22.44935],[150.35461,-22.45011],[150.35319,-22.45008],[150.3522,-22.45029],[150.35178,-22.45013],[150.34967,-22.44914],[150.34692,-22.4472],[150.34563,-22.44602],[150.34163,-22.44162],[150.34116,-22.44148],[150.34039,-22.44162],[150.33985,-22.44214],[150.3388,-22.44253],[150.3364,-22.44216],[150.33486,-22.4417],[150.33345,-22.44102],[150.3311,-22.43916],[150.33115,-22.43842],[150.33058,-22.43803],[150.33014,-22.43715],[150.33022,-22.43625],[150.32983,-22.43595],[150.32945,-22.43596],[150.32929,-22.43576],[150.32942,-22.43554],[150.33055,-22.43519],[150.33051,-22.43385],[150.3303,-22.43334],[150.33,-22.43306],[150.33016,-22.43248],[150.32973,-22.43219],[150.32948,-22.43223],[150.32879,-22.43285],[150.32829,-22.43292],[150.32706,-22.43212],[150.32575,-22.43168],[150.32534,-22.4314],[150.3248,-22.43062],[150.32633,-22.42893],[150.32624,-22.42858],[150.3255,-22.42833],[150.32569,-22.42776],[150.32557,-22.42764],[150.32516,-22.42765],[150.3248,-22.42801],[150.32442,-22.42734],[150.32402,-22.42721],[150.32383,-22.42758],[150.3234,-22.42771],[150.3232,-22.42724],[150.32254,-22.42666],[150.32226,-22.4266],[150.32035,-22.42671],[150.3185,-22.4263],[150.31723,-22.42623],[150.31666,-22.42636],[150.3159,-22.42597],[150.31454,-22.42632],[150.31433,-22.42624],[150.31415,-22.42591],[150.31305,-22.42593],[150.31094,-22.42466],[150.30841,-22.42367],[150.30745,-22.42314],[150.30568,-22.42253],[150.30471,-22.42193],[150.30427,-22.42195],[150.3039,-22.42265],[150.30345,-22.42264],[150.30289,-22.42214],[150.30226,-22.42078],[150.30201,-22.42091],[150.30193,-22.42122],[150.30129,-22.42139],[150.30063,-22.42],[150.30003,-22.4174],[150.3,-22.41619],[150.30037,-22.41439],[150.30056,-22.41364],[150.30103,-22.41305],[150.30188,-22.41324],[150.30261,-22.41295],[150.30252,-22.41273],[150.30194,-22.41238],[150.30304,-22.41174],[150.30344,-22.41128],[150.30306,-22.41122],[150.30244,-22.41146],[150.30233,-22.41117],[150.3025,-22.41079],[150.30237,-22.41054],[150.3018,-22.41085],[150.30079,-22.4109],[150.30056,-22.41077],[150.29955,-22.40911],[150.29878,-22.40689],[150.2985,-22.40454],[150.29857,-22.40254],[150.29882,-22.40094],[150.29904,-22.40032],[150.30004,-22.39946],[150.30053,-22.39852],[150.3011,-22.39805],[150.30095,-22.39763],[150.30063,-22.39733],[150.29987,-22.39736],[150.29992,-22.3977],[150.29924,-22.3982],[150.29891,-22.39888],[150.29775,-22.39959],[150.29746,-22.40065],[150.29636,-22.40141],[150.296,-22.40213],[150.29559,-22.40224],[150.29525,-22.40263],[150.29423,-22.40295],[150.29284,-22.40287],[150.29071,-22.40226],[150.28741,-22.4018],[150.28614,-22.40111],[150.28373,-22.40029],[150.28153,-22.39888],[150.28058,-22.39802],[150.27999,-22.39776],[150.27951,-22.3978],[150.27911,-22.3981],[150.27831,-22.39837],[150.27793,-22.39945],[150.27763,-22.39974],[150.27481,-22.40101],[150.27395,-22.40181],[150.27291,-22.40206],[150.27211,-22.40206],[150.26965,-22.40172],[150.26607,-22.40044],[150.26568,-22.40038],[150.26524,-22.40062],[150.26485,-22.40038],[150.26346,-22.39825],[150.26333,-22.39783],[150.26362,-22.39667],[150.26421,-22.39601],[150.26404,-22.39574],[150.2627,-22.39667],[150.26206,-22.39755],[150.26078,-22.39793],[150.26032,-22.39791],[150.25781,-22.39736],[150.25505,-22.39587],[150.25482,-22.39589],[150.25427,-22.39654],[150.25336,-22.39698],[150.25168,-22.39696],[150.25088,-22.39711],[150.2494,-22.39679],[150.24845,-22.39622],[150.24643,-22.39631],[150.24348,-22.39542],[150.23986,-22.39486],[150.23864,-22.39429],[150.23777,-22.39408],[150.23518,-22.39401],[150.2339,-22.39365],[150.23194,-22.39349],[150.22947,-22.3929],[150.22842,-22.39229],[150.22808,-22.39253],[150.22821,-22.39315],[150.22811,-22.3933],[150.22699,-22.39348],[150.22647,-22.3946],[150.2263,-22.39477],[150.22576,-22.39485],[150.22455,-22.39424],[150.22442,-22.39409],[150.22463,-22.39384],[150.22443,-22.39368],[150.22447,-22.39338],[150.22415,-22.39336],[150.2245,-22.3923],[150.22552,-22.39142],[150.22554,-22.39108],[150.22453,-22.39099],[150.22341,-22.39066],[150.22209,-22.39057],[150.2199,-22.39085],[150.21874,-22.39149],[150.21743,-22.39278],[150.2169,-22.39262],[150.21633,-22.39101],[150.21625,-22.39034],[150.21628,-22.38939],[150.21658,-22.38843],[150.21637,-22.38714],[150.21649,-22.38615],[150.2162,-22.38519],[150.21594,-22.38507],[150.21531,-22.38575],[150.21441,-22.3858],[150.21382,-22.38558],[150.21164,-22.3835],[150.21112,-22.38269],[150.20982,-22.38032],[150.2083,-22.37587],[150.20774,-22.37333],[150.20767,-22.3722],[150.20736,-22.37145],[150.20731,-22.37063],[150.20607,-22.36893],[150.20573,-22.36897],[150.20414,-22.37075],[150.20349,-22.37107],[150.20177,-22.37054],[150.20089,-22.37085],[150.20015,-22.37083],[150.19952,-22.37071],[150.19833,-22.3701],[150.19789,-22.36963],[150.19813,-22.36933],[150.19819,-22.36851],[150.19851,-22.36783],[150.19827,-22.36757],[150.19782,-22.36762],[150.197,-22.36841],[150.19626,-22.36857],[150.1961,-22.36846],[150.19603,-22.36794],[150.19587,-22.36787],[150.195,-22.36778],[150.194,-22.36743],[150.19231,-22.36738],[150.19166,-22.36761],[150.19126,-22.36797],[150.19116,-22.36815],[150.19125,-22.36865],[150.19102,-22.36878],[150.1906,-22.36805],[150.19085,-22.36695],[150.1907,-22.36665],[150.19031,-22.36661],[150.18961,-22.36702],[150.18806,-22.36592],[150.18721,-22.36581],[150.18684,-22.36592],[150.18683,-22.36649],[150.18649,-22.36645],[150.18627,-22.36575],[150.18603,-22.3655],[150.18472,-22.36506],[150.18226,-22.36392],[150.1802,-22.3625],[150.17972,-22.36256],[150.17916,-22.36217],[150.17893,-22.36174],[150.17776,-22.36067],[150.17771,-22.3604],[150.17778,-22.36005],[150.17837,-22.35955],[150.17812,-22.35921],[150.17869,-22.35852],[150.17871,-22.35779],[150.17849,-22.35764],[150.17786,-22.35768],[150.177,-22.35694],[150.17672,-22.35689],[150.17613,-22.3572],[150.17572,-22.35717],[150.17488,-22.35594],[150.17486,-22.35566],[150.1752,-22.3553],[150.15387,-22.3702],[150.17785,-22.39943],[150.12932,-22.4331],[150.11474,-22.44344],[150.11267,-22.45926],[150.09471,-22.45722],[150.10794,-22.49143],[150.09811,-22.49822],[150.09098,-22.55094],[150.09245,-22.553],[150.09143,-22.55412],[150.09488,-22.57861],[150.09249,-22.61512],[150.09224,-22.61529],[150.09116,-22.63203],[150.09819,-22.64635],[150.14467,-22.7049],[150.14482,-22.70873],[150.14977,-22.72833],[150.14738,-22.74149],[150.23789,-22.75321],[150.23617,-22.76442],[150.24307,-22.77368],[150.24138,-22.77438],[150.23809,-22.77797],[150.22889,-22.78303],[150.22002,-22.78557],[150.21937,-22.7872],[150.21513,-22.78923],[150.21315,-22.79066],[150.2108,-22.79093],[150.20969,-22.79206],[150.20944,-22.79535],[150.2081,-22.79844],[150.20474,-22.801],[150.20332,-22.80349],[150.22617,-22.80606],[150.22081,-22.84867],[150.23516,-22.85029],[150.23586,-22.85141],[150.23637,-22.85152],[150.23644,-22.85238],[150.23674,-22.85311],[150.23718,-22.85359],[150.23727,-22.85432],[150.23742,-22.8544],[150.23856,-22.85358],[150.23921,-22.85405],[150.23937,-22.854],[150.23929,-22.85355],[150.24014,-22.85282],[150.24071,-22.85277],[150.24114,-22.85194],[150.24197,-22.8515],[150.24165,-22.85068],[150.24204,-22.85012],[150.2421,-22.8496],[150.24155,-22.84929],[150.24157,-22.84902],[150.24204,-22.84868],[150.24224,-22.848],[150.2427,-22.84748],[150.24329,-22.84727],[150.24339,-22.847],[150.24321,-22.84624],[150.24394,-22.84623],[150.24412,-22.84605],[150.24421,-22.84579],[150.24396,-22.84545],[150.24407,-22.84514],[150.24479,-22.84503],[150.24548,-22.84471],[150.2458,-22.8443],[150.24623,-22.84419],[150.24672,-22.8444],[150.24749,-22.84356],[150.24727,-22.84298],[150.24802,-22.84262],[150.24839,-22.84267],[150.24858,-22.84343],[150.24896,-22.84397],[150.24984,-22.84437],[150.25032,-22.84495],[150.25106,-22.84428],[150.25236,-22.84394],[150.25278,-22.84293],[150.25303,-22.84274],[150.25384,-22.84266],[150.25363,-22.84182],[150.2539,-22.84161],[150.25451,-22.84165],[150.25597,-22.84124],[150.25609,-22.84108],[150.25579,-22.84056],[150.25766,-22.84031],[150.25795,-22.83974],[150.25838,-22.83988],[150.25993,-22.84115],[150.26013,-22.84143],[150.2601,-22.84219],[150.26037,-22.84244],[150.26078,-22.84238],[150.26202,-22.84156],[150.2624,-22.84157],[150.26303,-22.84187],[150.26346,-22.84184],[150.26429,-22.84145],[150.265,-22.84156],[150.26561,-22.84126],[150.26606,-22.84122],[150.2668,-22.84148],[150.2675,-22.84125],[150.26872,-22.84201],[150.26987,-22.8416],[150.27069,-22.8411],[150.27156,-22.84132],[150.27203,-22.84217],[150.27212,-22.84264],[150.27111,-22.84293],[150.27104,-22.8431],[150.2712,-22.84326],[150.2729,-22.84368],[150.27384,-22.84374],[150.27442,-22.84353],[150.27476,-22.84363],[150.27546,-22.84439],[150.27666,-22.84416],[150.27715,-22.84434],[150.27736,-22.84488],[150.27793,-22.84533],[150.27815,-22.84521],[150.27832,-22.8448],[150.27872,-22.84479],[150.27921,-22.84512],[150.27939,-22.84552],[150.27939,-22.8463],[150.27999,-22.8466],[150.28091,-22.8466],[150.2817,-22.84634],[150.28279,-22.84555],[150.28462,-22.84498],[150.28514,-22.84537],[150.2861,-22.84501],[150.28654,-22.84536],[150.28703,-22.84528],[150.28754,-22.84462],[150.28777,-22.84239],[150.28821,-22.84214],[150.28882,-22.84222],[150.28924,-22.84242],[150.28985,-22.84363],[150.29077,-22.84409],[150.29163,-22.8456],[150.2923,-22.84607],[150.29275,-22.84586],[150.29455,-22.84361],[150.29488,-22.84376],[150.29484,-22.84454],[150.29514,-22.84473],[150.29552,-22.84457],[150.29652,-22.84366],[150.29711,-22.84419],[150.29743,-22.84402],[150.29759,-22.84369],[150.29763,-22.84237],[150.29712,-22.84114],[150.29757,-22.84012],[150.29751,-22.8392],[150.29847,-22.83811],[150.29891,-22.83744],[150.29895,-22.83706],[150.29931,-22.83682],[150.29988,-22.83706],[150.30017,-22.83759],[150.30071,-22.83807],[150.30126,-22.83813],[150.30224,-22.83784],[150.30221,-22.83738],[150.30188,-22.83697],[150.30188,-22.83655],[150.30208,-22.83638],[150.30463,-22.83618],[150.30641,-22.83646],[150.30785,-22.83719],[150.30917,-22.83812],[150.30986,-22.83827],[150.3102,-22.83819],[150.31092,-22.83674],[150.31178,-22.8361],[150.31208,-22.83562],[150.32665,-22.83742],[150.3256,-22.84468],[150.36559,-22.84968],[150.3654,-22.85061],[150.36773,-22.85213],[150.36822,-22.85463],[150.36973,-22.85402],[150.37096,-22.85465],[150.37261,-22.85464],[150.37386,-22.85631],[150.37465,-22.85659],[150.37583,-22.85893],[150.37629,-22.85922],[150.37862,-22.84339],[150.37966,-22.84352],[150.37988,-22.84382],[150.38027,-22.84245],[150.38002,-22.84086],[150.37971,-22.84032],[150.38043,-22.83928],[150.38256,-22.83741],[150.38148,-22.8356],[150.38135,-22.83482],[150.38154,-22.83282],[150.47549,-22.84388],[150.47679,-22.84491],[150.47695,-22.84553],[150.47682,-22.84619],[150.47632,-22.84701],[150.47627,-22.84774],[150.47584,-22.84846],[150.4757,-22.84938],[150.4735,-22.85094],[150.47328,-22.85138],[150.47332,-22.85181],[150.47304,-22.852],[150.47238,-22.8521],[150.47182,-22.85243],[150.47092,-22.85247],[150.46997,-22.85424],[150.47001,-22.85441],[150.47065,-22.85481],[150.47069,-22.855],[150.47007,-22.85607],[150.46705,-22.85579],[150.46685,-22.85593],[150.46654,-22.85698],[150.46659,-22.85813],[150.46683,-22.859],[150.46707,-22.85941],[150.46842,-22.86037],[150.46861,-22.86083],[150.46845,-22.86152],[150.4677,-22.86206],[150.46764,-22.86244],[150.46774,-22.86289],[150.46893,-22.86351],[150.46909,-22.86378],[150.46909,-22.86478],[150.46859,-22.86536],[150.46927,-22.86748],[150.46822,-22.86918],[150.46719,-22.86973],[150.46697,-22.87004],[150.46709,-22.87053],[150.46749,-22.87097],[150.46842,-22.87265],[150.46935,-22.8725],[150.46983,-22.87302],[150.46973,-22.87372],[150.46948,-22.87407],[150.46843,-22.87446],[150.47471,-22.8853],[150.53883,-22.89311],[150.53613,-22.91212],[150.53667,-22.91228],[150.53988,-22.91193],[150.54156,-22.9114],[150.54287,-22.91144],[150.54458,-22.91124],[150.54643,-22.91052],[150.54813,-22.91037],[150.54917,-22.90996],[150.55041,-22.90929],[150.55129,-22.90546],[150.5514,-22.90517],[150.55183,-22.90503],[150.55191,-22.90473],[150.55172,-22.90414],[150.55175,-22.90322],[150.55259,-22.90281],[150.55247,-22.90244],[150.55395,-22.90209],[150.55471,-22.90095],[150.55542,-22.9005],[150.5559,-22.90072],[150.55636,-22.90059],[150.55747,-22.90071],[150.5588,-22.90009],[150.56028,-22.89908],[150.56237,-22.89942],[150.56482,-22.89872],[150.56593,-22.89868],[150.56622,-22.89851],[150.56659,-22.89758],[150.56714,-22.89731],[150.56775,-22.8973],[150.56979,-22.89679],[150.57062,-22.89699],[150.57136,-22.89728],[150.57225,-22.89808],[150.57234,-22.89883],[150.57318,-22.89976],[150.57411,-22.90006],[150.57599,-22.89994],[150.58009,-22.89508],[150.59455,-22.89817],[150.59499,-22.8976],[150.59514,-22.89708],[150.59512,-22.89656],[150.59551,-22.89541],[150.59544,-22.8944],[150.59455,-22.89349],[150.59437,-22.8927],[150.59284,-22.89129],[150.59353,-22.88991],[150.59289,-22.88866],[150.59262,-22.88829],[150.59206,-22.88793],[150.5914,-22.88775],[150.59033,-22.88687],[150.58991,-22.88607],[150.59013,-22.88495],[150.58868,-22.88283],[150.58832,-22.88089],[150.58877,-22.88034],[150.58857,-22.87877],[150.58767,-22.87812],[150.5874,-22.87733],[150.58744,-22.87653],[150.58617,-22.87484],[150.58508,-22.87216],[150.58492,-22.8714],[150.58521,-22.87081],[150.58476,-22.8696],[150.58434,-22.86909],[150.58337,-22.86836],[150.58322,-22.86696],[150.58364,-22.86378],[150.58302,-22.86335],[150.58173,-22.86319],[150.58158,-22.86242],[150.58083,-22.86129],[150.58006,-22.86117],[150.57928,-22.86051],[150.5792,-22.85775],[150.57842,-22.8561],[150.57956,-22.85533],[150.58017,-22.85448],[150.58011,-22.85354],[150.57926,-22.85066],[150.5818,-22.84712],[150.5847,-22.8479],[150.58559,-22.84863],[150.58742,-22.84872],[150.58787,-22.84839],[150.58893,-22.847],[150.5892,-22.84375],[150.58981,-22.8431],[150.59038,-22.84164],[150.59038,-22.84006],[150.59123,-22.83978],[150.59261,-22.83946],[150.59497,-22.8401],[150.5971,-22.84],[150.60068,-22.84292],[150.60133,-22.84286],[150.60288,-22.84358],[150.60356,-22.84365],[150.60398,-22.84343],[150.6079,-22.84342],[150.60788,-22.84078],[150.60839,-22.83898],[150.60892,-22.8381],[150.60875,-22.83704],[150.60912,-22.83661],[150.60972,-22.83535],[150.61059,-22.83301],[150.61158,-22.83207],[150.61299,-22.83146],[150.61534,-22.83085],[150.61602,-22.83092],[150.61671,-22.8303],[150.61598,-22.82955],[150.61675,-22.82892],[150.61716,-22.8252],[150.61763,-22.8244],[150.61783,-22.82291],[150.61976,-22.8214],[150.61978,-22.82022],[150.61833,-22.81856],[150.61904,-22.81761],[150.61842,-22.81617],[150.61854,-22.8156],[150.618,-22.81472],[150.61816,-22.8137],[150.61683,-22.81286],[150.62486,-22.75847],[150.61962,-22.7578],[150.62111,-22.74678],[150.61978,-22.74613],[150.62052,-22.74558],[150.62071,-22.74444],[150.62191,-22.74345],[150.62372,-22.74344],[150.62559,-22.7423],[150.62593,-22.74228],[150.62661,-22.74294],[150.62706,-22.74294],[150.62756,-22.74324],[150.62911,-22.74329],[150.63052,-22.74234],[150.63319,-22.74221],[150.63359,-22.7417],[150.63446,-22.7415],[150.63509,-22.74111],[150.63561,-22.74107],[150.63687,-22.74149],[150.63733,-22.7418],[150.63755,-22.74225],[150.63793,-22.74244],[150.64148,-22.74276],[150.64172,-22.74296],[150.64184,-22.74346],[150.64242,-22.7444],[150.64353,-22.74406],[150.71507,-22.75778],[150.71994,-22.74359],[150.76817,-22.75869],[150.769,-22.76149],[150.76993,-22.76314],[150.77137,-22.76453],[150.77211,-22.76569],[150.77306,-22.76644],[150.7739,-22.76769],[150.77602,-22.76944],[150.80816,-22.77446],[150.81134,-22.75767],[150.81325,-22.7504],[150.81351,-22.75002],[150.81395,-22.74982],[150.8147,-22.75005],[150.81513,-22.74976],[150.81529,-22.74924],[150.81576,-22.74912],[150.81599,-22.7486],[150.81674,-22.74858],[150.81682,-22.74835],[150.81696,-22.74848],[150.8171,-22.74812],[150.81694,-22.74709],[150.81711,-22.74616],[150.81743,-22.74563],[150.81817,-22.74527],[150.81815,-22.74481],[150.81843,-22.745],[150.8184,-22.74476],[150.81764,-22.744],[150.81776,-22.74332],[150.81743,-22.74288],[150.81748,-22.7427],[150.81788,-22.74262],[150.81786,-22.74224],[150.81758,-22.74212],[150.81791,-22.74172],[150.81738,-22.74151],[150.81742,-22.74106],[150.81704,-22.74048],[150.81689,-22.73927],[150.81722,-22.73784],[150.8177,-22.73692],[150.81877,-22.73377],[150.81941,-22.73271],[150.81967,-22.73255],[150.81971,-22.7323],[150.81998,-22.73241],[150.82024,-22.73312],[150.82088,-22.7333],[150.8208,-22.73259],[150.82093,-22.7325],[150.82123,-22.73294],[150.82171,-22.73321],[150.82196,-22.73315],[150.82235,-22.73267],[150.82237,-22.73242],[150.82333,-22.73093],[150.82509,-22.73126],[150.82534,-22.73111],[150.82502,-22.73067],[150.82473,-22.73068],[150.82394,-22.72962],[150.8236,-22.72799],[150.82337,-22.72756],[150.82355,-22.72708],[150.82312,-22.72675],[150.82345,-22.7264],[150.82339,-22.72615],[150.82324,-22.72603],[150.82325,-22.72638],[150.82314,-22.72638],[150.82277,-22.72539],[150.82208,-22.72489],[150.82137,-22.72509],[150.82107,-22.72454],[150.82134,-22.72309],[150.82177,-22.72275],[150.82128,-22.72213],[150.82149,-22.72115],[150.82176,-22.72069],[150.8225,-22.72044],[150.82272,-22.7208],[150.82317,-22.72085],[150.82356,-22.72069],[150.82378,-22.72026],[150.82418,-22.72011],[150.82421,-22.71976],[150.8237,-22.71922],[150.82347,-22.71759],[150.8232,-22.71701],[150.82303,-22.71669],[150.82245,-22.71681],[150.82221,-22.71641],[150.82202,-22.7155],[150.82231,-22.71519],[150.82267,-22.71391],[150.82305,-22.71163],[150.82327,-22.71142],[150.82302,-22.71121],[150.82317,-22.7109],[150.82393,-22.7109],[150.82413,-22.70952],[150.82457,-22.70911],[150.82465,-22.70872],[150.8252,-22.70882],[150.82576,-22.70839],[150.82619,-22.70886],[150.82617,-22.70856],[150.82633,-22.70855],[150.82617,-22.70843],[150.8263,-22.70843],[150.82633,-22.70795],[150.82611,-22.70783],[150.82586,-22.70783],[150.82588,-22.70811],[150.82513,-22.70848],[150.82551,-22.70796],[150.82556,-22.70714],[150.82647,-22.70716],[150.82763,-22.70605],[150.82796,-22.70615],[150.8282,-22.70601],[150.82788,-22.70565],[150.82807,-22.70568],[150.828,-22.70544],[150.82846,-22.70516],[150.82865,-22.70519],[150.8288,-22.70498],[150.83013,-22.70516],[150.83032,-22.70506],[150.83049,-22.7049],[150.8301,-22.70453],[150.83049,-22.70471],[150.83015,-22.70447],[150.83054,-22.70459],[150.83054,-22.70447],[150.83013,-22.70426],[150.83016,-22.70412],[150.83058,-22.70411],[150.83049,-22.7042],[150.83064,-22.70437],[150.83062,-22.70417],[150.83096,-22.70427],[150.83017,-22.70367],[150.83091,-22.70404],[150.83085,-22.70369],[150.83113,-22.70366],[150.8309,-22.70325],[150.83055,-22.7031],[150.83041,-22.70329],[150.82978,-22.70302],[150.82964,-22.70251],[150.82932,-22.70235],[150.82969,-22.70221],[150.82902,-22.70157],[150.82921,-22.70139],[150.82852,-22.70093],[150.82829,-22.7011],[150.8283,-22.70081],[150.82808,-22.70089],[150.82791,-22.70044],[150.82825,-22.70038],[150.82814,-22.69993],[150.82836,-22.69984],[150.8282,-22.6997],[150.82819,-22.69915],[150.82792,-22.69855],[150.82744,-22.69844],[150.82698,-22.69892],[150.82643,-22.69846],[150.82623,-22.6978],[150.82635,-22.69621],[150.82795,-22.69002],[150.82881,-22.68792],[150.82989,-22.68606],[150.83127,-22.68461],[150.83209,-22.68487],[150.83295,-22.68494],[150.83419,-22.68471],[150.83568,-22.68507],[150.83601,-22.68465],[150.83591,-22.68439],[150.83526,-22.6845],[150.83542,-22.68427],[150.83509,-22.68423],[150.83514,-22.68404],[150.83499,-22.68404],[150.83496,-22.68374],[150.8347,-22.68356],[150.83431,-22.68366],[150.83416,-22.68345],[150.8335,-22.6837],[150.83254,-22.68337],[150.83224,-22.68343],[150.83248,-22.68309],[150.83197,-22.68313],[150.83225,-22.68277],[150.83203,-22.68275],[150.83205,-22.68263],[150.83169,-22.68283],[150.83188,-22.68243],[150.8318,-22.68228],[150.83148,-22.68201],[150.83107,-22.68201],[150.8313,-22.68165],[150.83077,-22.68192],[150.83115,-22.68149],[150.83053,-22.6817],[150.83056,-22.68188],[150.83001,-22.6818],[150.82958,-22.6823],[150.82988,-22.6817],[150.82874,-22.68172],[150.82852,-22.68183],[150.82865,-22.68194],[150.82821,-22.68198],[150.82724,-22.68257],[150.82698,-22.68246],[150.82677,-22.68264],[150.82659,-22.6825],[150.82612,-22.6827],[150.82592,-22.68255],[150.82556,-22.68285],[150.8259,-22.68249],[150.82565,-22.68204],[150.82531,-22.68191],[150.82434,-22.68212],[150.82435,-22.68167],[150.82422,-22.6815],[150.82401,-22.68152],[150.82392,-22.68117],[150.82245,-22.68159],[150.8228,-22.68127],[150.82271,-22.681],[150.82195,-22.68088],[150.82099,-22.68121],[150.8201,-22.68131],[150.81935,-22.68184],[150.81782,-22.68144],[150.81678,-22.68058],[150.8164,-22.67983],[150.81638,-22.67909],[150.81676,-22.67867],[150.81709,-22.67749],[150.81693,-22.67744],[150.81696,-22.67724],[150.81719,-22.67697],[150.81692,-22.67685],[150.81702,-22.67711],[150.81664,-22.67685],[150.81618,-22.67705],[150.81594,-22.67736],[150.81577,-22.67732],[150.8139,-22.67916],[150.81349,-22.67989],[150.81294,-22.68003],[150.81218,-22.67978],[150.81215,-22.67959],[150.81198,-22.67959],[150.81202,-22.67907],[150.81182,-22.67893],[150.81183,-22.67862],[150.81157,-22.6785],[150.81139,-22.6781],[150.81101,-22.67807],[150.81111,-22.67797],[150.81097,-22.67781],[150.81119,-22.67782],[150.81121,-22.67759],[150.81107,-22.67755],[150.81107,-22.67731],[150.81035,-22.67692],[150.8105,-22.67676],[150.81019,-22.67649],[150.81035,-22.67641],[150.81018,-22.67618],[150.80987,-22.676],[150.80967,-22.67618],[150.80982,-22.67593],[150.80936,-22.67576],[150.80928,-22.67543],[150.80855,-22.67537],[150.80888,-22.67511],[150.80858,-22.67513],[150.80841,-22.67485],[150.80832,-22.67505],[150.80831,-22.67482],[150.80817,-22.67477],[150.8083,-22.67474],[150.80817,-22.67456],[150.80831,-22.67442],[150.80815,-22.67418],[150.80776,-22.67419],[150.80772,-22.67388],[150.80745,-22.67385],[150.80683,-22.67339],[150.8063,-22.67343],[150.80622,-22.67362],[150.80593,-22.67355],[150.80603,-22.67339],[150.80587,-22.67334],[150.80601,-22.67328],[150.80564,-22.67319],[150.80567,-22.67306],[150.80536,-22.67288],[150.8054,-22.67256],[150.80509,-22.67224],[150.80514,-22.67212],[150.80441,-22.67199],[150.80342,-22.66611],[150.80322,-22.66186],[150.80288,-22.65887],[150.80293,-22.65793],[150.80428,-22.65715],[150.80481,-22.6552],[150.80481,-22.6545],[150.80458,-22.6536],[150.80161,-22.65272],[150.80454,-22.65354],[150.80455,-22.6529],[150.80481,-22.65262],[150.80482,-22.65228],[150.8052,-22.65213],[150.80495,-22.65196],[150.80503,-22.65182],[150.80522,-22.65187],[150.80505,-22.65173],[150.80513,-22.6516],[150.8049,-22.65128],[150.80457,-22.65114],[150.80461,-22.65096],[150.80504,-22.6508],[150.80471,-22.65048],[150.80504,-22.65032],[150.80511,-22.65011],[150.80454,-22.64948],[150.80452,-22.64868],[150.80431,-22.648],[150.80395,-22.64775],[150.80351,-22.64818],[150.80371,-22.64765],[150.80359,-22.6474],[150.80389,-22.64734],[150.80369,-22.64658],[150.80324,-22.64713],[150.8031,-22.64769],[150.80294,-22.64769],[150.80241,-22.6462],[150.80202,-22.64604],[150.8019,-22.64576],[150.8016,-22.64579],[150.80159,-22.64536],[150.80125,-22.64529],[150.80129,-22.64515],[150.80115,-22.6451],[150.80096,-22.64515],[150.80095,-22.64554],[150.79936,-22.64604],[150.79929,-22.64593],[150.79907,-22.64616],[150.7988,-22.64612],[150.79865,-22.64639],[150.79809,-22.6459],[150.79736,-22.64578],[150.79721,-22.64559],[150.7963,-22.64574],[150.79577,-22.64551],[150.79543,-22.64598],[150.79559,-22.64654],[150.79536,-22.6466],[150.79493,-22.64657],[150.79496,-22.64625],[150.79492,-22.64639],[150.79469,-22.64633],[150.79471,-22.64617],[150.79425,-22.64574],[150.79433,-22.64591],[150.79401,-22.64583],[150.79374,-22.64552],[150.79379,-22.64531],[150.79323,-22.64554],[150.79287,-22.64542],[150.79328,-22.64655],[150.79289,-22.64711],[150.79215,-22.64759],[150.79163,-22.6496],[150.79048,-22.65023],[150.78859,-22.65041],[150.78654,-22.65003],[150.78559,-22.64968],[150.78315,-22.64812],[150.78133,-22.64644],[150.78003,-22.64471],[150.77892,-22.64249],[150.77746,-22.6378],[150.77562,-22.62552],[150.77532,-22.62209],[150.77532,-22.61227],[150.77672,-22.5978],[150.77949,-22.57681],[150.78137,-22.56911],[150.78311,-22.56562],[150.78464,-22.56317],[150.78544,-22.56102],[150.78606,-22.56078],[150.78557,-22.56019],[150.78521,-22.55888],[150.78525,-22.55851],[150.78582,-22.55833],[150.78598,-22.55812],[150.78595,-22.55767],[150.78538,-22.55697],[150.78583,-22.55611],[150.78694,-22.55578],[150.78702,-22.55536],[150.78745,-22.5555],[150.78796,-22.55522],[150.7887,-22.55594],[150.78915,-22.55597],[150.78941,-22.55622],[150.79016,-22.55637],[150.79038,-22.55625],[150.79028,-22.55588],[150.7906,-22.55536],[150.79069,-22.5557],[150.7909,-22.55585],[150.79138,-22.55579],[150.79177,-22.55536],[150.79154,-22.55518],[150.79116,-22.55524],[150.79129,-22.55475],[150.79119,-22.55448],[150.79089,-22.55446],[150.79071,-22.55497],[150.79053,-22.55494],[150.79027,-22.55438],[150.78976,-22.55462],[150.7895,-22.55385],[150.78897,-22.5539],[150.78906,-22.55417],[150.78869,-22.55412],[150.78838,-22.55436],[150.7884,-22.55325],[150.78778,-22.55302],[150.78774,-22.55287],[150.788,-22.55263],[150.78707,-22.55203],[150.78729,-22.55192],[150.78817,-22.55218],[150.78814,-22.55183],[150.78763,-22.55114],[150.78783,-22.55108],[150.78824,-22.55154],[150.78808,-22.55091],[150.78822,-22.55056],[150.78687,-22.54952],[150.78619,-22.54922],[150.78532,-22.54959],[150.78495,-22.55026],[150.78443,-22.55022],[150.78435,-22.54922],[150.78417,-22.54897],[150.78341,-22.5486],[150.78339,-22.54849],[150.78385,-22.54841],[150.78379,-22.54815],[150.78358,-22.54799],[150.783,-22.5481],[150.78235,-22.54714],[150.78151,-22.54719],[150.78131,-22.54684],[150.78121,-22.54612],[150.781,-22.54585],[150.78034,-22.54552],[150.78036,-22.54507],[150.78073,-22.54444],[150.78165,-22.54427],[150.78298,-22.54471],[150.78304,-22.54448],[150.78329,-22.5446],[150.78345,-22.54451],[150.78334,-22.54393],[150.78262,-22.5438],[150.78244,-22.54346],[150.7813,-22.5427],[150.78105,-22.5417],[150.78011,-22.54079],[150.7802,-22.54018],[150.78132,-22.53878],[150.78166,-22.53854],[150.78231,-22.53841],[150.78268,-22.53938],[150.78311,-22.53957],[150.78352,-22.53942],[150.78386,-22.53959],[150.78407,-22.53951],[150.78416,-22.53882],[150.78368,-22.53829],[150.78419,-22.53857],[150.7844,-22.53887],[150.7854,-22.53902],[150.78571,-22.53925],[150.78569,-22.53939],[150.78602,-22.53938],[150.78614,-22.53935],[150.78536,-22.53849],[150.78613,-22.53846],[150.78636,-22.5387],[150.78614,-22.53908],[150.78645,-22.53917],[150.78701,-22.53802],[150.78693,-22.53786],[150.78673,-22.538],[150.78676,-22.5377],[150.78615,-22.53736],[150.78601,-22.53697],[150.78674,-22.53743],[150.78665,-22.53722],[150.78676,-22.53711],[150.78704,-22.53724],[150.78757,-22.53716],[150.78759,-22.53739],[150.78782,-22.53723],[150.78801,-22.53751],[150.78803,-22.53713],[150.78864,-22.53752],[150.78877,-22.53725],[150.78919,-22.53732],[150.78939,-22.537],[150.78925,-22.53669],[150.78833,-22.53616],[150.7884,-22.53589],[150.78819,-22.53569],[150.78832,-22.53568],[150.78828,-22.53555],[150.7885,-22.53563],[150.7881,-22.53538],[150.78856,-22.5355],[150.78865,-22.53526],[150.78854,-22.53512],[150.78806,-22.5352],[150.78763,-22.53508],[150.78762,-22.53518],[150.78743,-22.53497],[150.78716,-22.53523],[150.78686,-22.5351],[150.78677,-22.53487],[150.7872,-22.53506],[150.78736,-22.53488],[150.78664,-22.53365],[150.787,-22.5336],[150.78711,-22.53329],[150.78642,-22.53358],[150.78677,-22.533],[150.78611,-22.53351],[150.78629,-22.53299],[150.78551,-22.53327],[150.78512,-22.53366],[150.78496,-22.53425],[150.78469,-22.53425],[150.78467,-22.53384],[150.78438,-22.53366],[150.78438,-22.53291],[150.78392,-22.5325],[150.78405,-22.5319],[150.78384,-22.53195],[150.78377,-22.53155],[150.78322,-22.53115],[150.78298,-22.53121],[150.783,-22.53106],[150.78245,-22.53054],[150.78273,-22.5303],[150.78297,-22.53048],[150.78331,-22.53046],[150.78333,-22.53018],[150.78397,-22.53003],[150.78406,-22.52974],[150.78389,-22.52914],[150.78347,-22.52895],[150.78269,-22.52899],[150.78256,-22.52927],[150.78233,-22.52934],[150.78223,-22.52976],[150.78167,-22.52977],[150.78165,-22.52929],[150.78188,-22.5291],[150.78215,-22.52841],[150.78186,-22.52781],[150.78134,-22.52821],[150.78139,-22.52856],[150.78106,-22.52837],[150.78093,-22.52868],[150.78001,-22.52896],[150.77976,-22.5281],[150.77938,-22.52798],[150.77951,-22.52783],[150.77943,-22.52737],[150.77875,-22.52717],[150.77826,-22.52675],[150.77831,-22.52637],[150.77795,-22.52581],[150.77769,-22.52585],[150.77778,-22.52624],[150.77753,-22.5262],[150.77724,-22.52672],[150.77727,-22.52744],[150.77703,-22.52706],[150.7769,-22.52712],[150.7767,-22.52802],[150.77586,-22.52815],[150.77563,-22.52852],[150.77519,-22.52871],[150.77494,-22.52926],[150.77326,-22.52914],[150.77181,-22.52867],[150.77176,-22.52792],[150.77146,-22.52705],[150.77155,-22.52652],[150.77139,-22.52626],[150.7717,-22.52575],[150.7717,-22.52542],[150.77082,-22.52487],[150.77036,-22.52488],[150.77025,-22.52441],[150.77062,-22.52408],[150.77059,-22.52307],[150.76972,-22.52232],[150.7698,-22.522],[150.76962,-22.52178],[150.76923,-22.52183],[150.76884,-22.52247],[150.76818,-22.52283],[150.76806,-22.52345],[150.7678,-22.52369],[150.76765,-22.52424],[150.76729,-22.52435],[150.76654,-22.52414],[150.7662,-22.52428],[150.76624,-22.52463],[150.76712,-22.52516],[150.76719,-22.52561],[150.76705,-22.52585],[150.76594,-22.52658],[150.76484,-22.52691],[150.76397,-22.52697],[150.76237,-22.52668],[150.75825,-22.52472],[150.75744,-22.52404],[150.75793,-22.52327],[150.757,-22.52356],[150.75655,-22.52322],[150.75598,-22.5232],[150.75547,-22.5243],[150.75519,-22.52451],[150.7548,-22.5236],[150.75451,-22.52366],[150.75473,-22.52645],[150.75611,-22.52748],[150.75633,-22.52805],[150.75531,-22.5298],[150.75461,-22.5302],[150.75369,-22.53009],[150.7532,-22.5302],[150.75292,-22.53052],[150.75292,-22.53083],[150.75318,-22.53111],[150.75463,-22.53147],[150.75739,-22.53372],[150.75783,-22.53431],[150.75796,-22.53563],[150.75756,-22.53742],[150.75731,-22.53801],[150.75684,-22.53854],[150.75635,-22.53874],[150.75595,-22.53866],[150.75589,-22.53886],[150.75878,-22.54313],[150.75942,-22.54379],[150.76148,-22.54523],[150.7624,-22.54539],[150.76303,-22.54494],[150.76402,-22.54505],[150.76636,-22.5466],[150.76814,-22.54723],[150.76896,-22.54721],[150.76992,-22.54775],[150.77087,-22.5477],[150.77169,-22.54707],[150.77301,-22.54662],[150.77432,-22.54692],[150.77444,-22.547],[150.77436,-22.54722],[150.77296,-22.54693],[150.77178,-22.54751],[150.77153,-22.54807],[150.77114,-22.54837],[150.77101,-22.54901],[150.77108,-22.54967],[150.77146,-22.55021],[150.772,-22.55037],[150.77349,-22.55034],[150.77394,-22.55058],[150.77425,-22.55156],[150.77425,-22.55209],[150.77409,-22.55236],[150.774,-22.55228],[150.77394,-22.55126],[150.77355,-22.55075],[150.77313,-22.5507],[150.77221,-22.5512],[150.77183,-22.55121],[150.77147,-22.5508],[150.77051,-22.55036],[150.76963,-22.5502],[150.76935,-22.5497],[150.76892,-22.5494],[150.76762,-22.54978],[150.76748,-22.55102],[150.76726,-22.55134],[150.76707,-22.55131],[150.76707,-22.55106],[150.76669,-22.55094],[150.76656,-22.55047],[150.76594,-22.55017],[150.76554,-22.55014],[150.76497,-22.55031],[150.76448,-22.55068],[150.76262,-22.55258],[150.76115,-22.55746],[150.76102,-22.5608],[150.76016,-22.56341],[150.75994,-22.56571],[150.7593,-22.56775],[150.75926,-22.56947],[150.75853,-22.5717],[150.75817,-22.57222],[150.75732,-22.57146],[150.757,-22.57134],[150.75645,-22.57153],[150.75568,-22.57275],[150.75535,-22.57399],[150.75146,-22.57629],[150.7488,-22.57991],[150.74827,-22.58128],[150.74699,-22.58327],[150.74669,-22.58325],[150.74635,-22.58349],[150.7461,-22.58442],[150.74592,-22.58432],[150.74578,-22.58317],[150.7456,-22.58301],[150.74518,-22.58312],[150.74494,-22.58364],[150.74484,-22.58503],[150.74351,-22.58736],[150.74311,-22.58747],[150.74274,-22.58807],[150.74265,-22.58889],[150.74286,-22.58952],[150.74361,-22.58956],[150.74293,-22.59015],[150.74249,-22.59285],[150.74154,-22.59449],[150.74132,-22.59452],[150.74105,-22.59485],[150.74068,-22.59721],[150.7407,-22.59877],[150.74088,-22.60057],[150.74121,-22.60128],[150.74123,-22.60363],[150.74204,-22.60609],[150.74278,-22.6101],[150.74311,-22.61305],[150.7433,-22.61359],[150.74312,-22.61395],[150.74317,-22.61436],[150.74335,-22.6148],[150.74368,-22.6149],[150.74345,-22.61518],[150.74346,-22.61595],[150.74322,-22.61661],[150.74155,-22.61821],[150.74126,-22.61823],[150.74064,-22.62039],[150.73961,-22.62198],[150.73944,-22.62188],[150.73969,-22.62135],[150.73936,-22.62131],[150.73907,-22.62156],[150.7387,-22.62216],[150.73828,-22.6239],[150.73597,-22.62442],[150.73602,-22.62419],[150.73583,-22.62418],[150.73401,-22.62772],[150.73304,-22.62894],[150.73198,-22.62972],[150.73195,-22.63006],[150.73235,-22.63017],[150.73187,-22.63068],[150.73161,-22.63074],[150.73153,-22.63043],[150.73099,-22.6306],[150.72859,-22.63229],[150.72837,-22.63304],[150.72424,-22.63534],[150.72407,-22.63562],[150.7243,-22.63599],[150.72418,-22.6363],[150.72379,-22.6361],[150.72373,-22.63562],[150.72334,-22.63557],[150.72274,-22.63582],[150.72286,-22.63613],[150.7232,-22.63625],[150.72328,-22.63656],[150.72314,-22.63698],[150.72272,-22.63687],[150.72249,-22.6363],[150.72215,-22.63633],[150.72184,-22.6367],[150.72161,-22.63755],[150.72153,-22.6367],[150.72173,-22.63622],[150.71978,-22.63639],[150.71952,-22.63664],[150.71944,-22.63704],[150.71992,-22.63817],[150.71981,-22.63822],[150.71927,-22.63803],[150.71902,-22.63757],[150.71896,-22.63653],[150.71854,-22.63622],[150.71769,-22.63698],[150.71718,-22.63707],[150.71707,-22.63746],[150.71678,-22.63738],[150.71673,-22.63709],[150.71647,-22.63707],[150.71464,-22.63735],[150.71444,-22.6369],[150.71368,-22.63678],[150.71331,-22.63743],[150.71294,-22.6374],[150.71291,-22.63675],[150.70994,-22.6357],[150.70867,-22.63445],[150.70619,-22.63167],[150.70529,-22.63023],[150.70489,-22.62986],[150.70498,-22.62794],[150.70433,-22.6245],[150.70385,-22.62345],[150.70331,-22.62289],[150.70306,-22.62286],[150.70276,-22.62236],[150.70204,-22.62056],[150.70112,-22.61901],[150.70354,-22.61774],[150.70491,-22.61931],[150.70612,-22.62024],[150.70737,-22.62188],[150.70812,-22.62245],[150.70844,-22.62309],[150.70948,-22.62409],[150.71087,-22.62911],[150.7113,-22.63012],[150.71176,-22.63006],[150.71169,-22.63078],[150.71193,-22.63126],[150.71266,-22.63223],[150.71432,-22.63317],[150.71612,-22.63374],[150.71767,-22.63374],[150.72103,-22.63319],[150.72319,-22.63225],[150.72435,-22.63146],[150.72537,-22.63111],[150.7254,-22.63079],[150.72565,-22.63065],[150.72591,-22.63077],[150.7263,-22.63068],[150.7269,-22.63037],[150.72811,-22.62941],[150.72774,-22.6291],[150.72786,-22.62893],[150.72865,-22.62887],[150.72907,-22.62865],[150.73024,-22.62663],[150.73087,-22.62589],[150.73097,-22.62523],[150.73153,-22.62488],[150.73156,-22.62469],[150.73109,-22.62449],[150.73108,-22.62425],[150.73174,-22.62372],[150.73207,-22.62306],[150.73192,-22.62281],[150.73143,-22.62262],[150.73138,-22.62242],[150.73218,-22.62142],[150.73221,-22.62112],[150.73149,-22.62024],[150.73131,-22.61929],[150.73138,-22.61816],[150.73085,-22.61733],[150.73033,-22.61587],[150.73001,-22.61534],[150.72884,-22.61417],[150.72765,-22.61363],[150.72703,-22.61351],[150.72685,-22.61386],[150.72735,-22.6154],[150.72737,-22.61698],[150.72797,-22.6183],[150.72741,-22.61817],[150.72706,-22.61777],[150.72628,-22.61609],[150.72574,-22.61546],[150.72491,-22.61382],[150.72434,-22.61327],[150.72448,-22.61188],[150.7237,-22.61058],[150.7232,-22.60915],[150.72246,-22.60828],[150.72213,-22.60751],[150.72158,-22.60687],[150.7204,-22.60477],[150.71966,-22.60396],[150.71915,-22.6018],[150.71882,-22.59887],[150.71969,-22.59372],[150.72015,-22.59246],[150.72146,-22.59029],[150.72447,-22.58438],[150.72579,-22.57954],[150.72591,-22.57784],[150.72563,-22.56865],[150.72462,-22.5644],[150.72283,-22.56012],[150.72077,-22.55722],[150.72063,-22.55658],[150.71684,-22.55444],[150.71619,-22.55426],[150.71517,-22.55428],[150.71458,-22.55401],[150.71338,-22.55426],[150.71339,-22.55436],[150.71651,-22.55472],[150.71782,-22.55564],[150.71778,-22.55589],[150.71517,-22.55511],[150.71173,-22.55468],[150.70955,-22.55333],[150.70925,-22.55234],[150.7078,-22.55216],[150.7068,-22.55301],[150.70643,-22.55298],[150.70643,-22.55257],[150.70621,-22.55221],[150.70602,-22.55201],[150.70559,-22.55193],[150.70528,-22.55206],[150.70508,-22.55249],[150.70516,-22.55271],[150.70561,-22.553],[150.70556,-22.55325],[150.70308,-22.55263],[150.70029,-22.55336],[150.69965,-22.55368],[150.69897,-22.55359],[150.69813,-22.55384],[150.69712,-22.55376],[150.69454,-22.55404],[150.69252,-22.55375],[150.69169,-22.55391],[150.69103,-22.5544],[150.6907,-22.55497],[150.69075,-22.5554],[150.69125,-22.55626],[150.69169,-22.55654],[150.69191,-22.55695],[150.692,-22.55835],[150.69182,-22.5588],[150.68987,-22.56003],[150.68767,-22.56062],[150.68702,-22.56033],[150.68666,-22.56049],[150.6864,-22.56109],[150.68664,-22.56166],[150.68603,-22.56274],[150.68662,-22.56344],[150.68653,-22.56407],[150.6862,-22.56408],[150.68623,-22.56357],[150.68551,-22.56288],[150.68489,-22.5629],[150.6844,-22.5636],[150.68414,-22.56474],[150.68367,-22.56562],[150.68374,-22.56608],[150.68414,-22.56644],[150.68411,-22.5666],[150.68332,-22.56651],[150.6824,-22.56767],[150.68127,-22.56855],[150.68132,-22.56886],[150.68203,-22.56988],[150.68294,-22.57053],[150.68607,-22.57134],[150.68593,-22.57272],[150.68518,-22.57285],[150.68476,-22.57333],[150.68328,-22.57352],[150.68154,-22.57309],[150.67987,-22.57202],[150.67979,-22.57163],[150.67931,-22.57103],[150.67899,-22.57115],[150.67895,-22.57162],[150.67876,-22.57169],[150.67865,-22.57156],[150.67871,-22.57084],[150.67826,-22.57037],[150.67789,-22.56953],[150.67718,-22.567],[150.67686,-22.56644],[150.67614,-22.56595],[150.67626,-22.5658],[150.67693,-22.56585],[150.67736,-22.56549],[150.67775,-22.56401],[150.67852,-22.56266],[150.68065,-22.56072],[150.68085,-22.56031],[150.68069,-22.5598],[150.68078,-22.55961],[150.68135,-22.55964],[150.68176,-22.55915],[150.68246,-22.55734],[150.68315,-22.55611],[150.68296,-22.55523],[150.68301,-22.55471],[150.68324,-22.55466],[150.68409,-22.55502],[150.68454,-22.55486],[150.68366,-22.5532],[150.68411,-22.55185],[150.68395,-22.5511],[150.68367,-22.55066],[150.68379,-22.54896],[150.68401,-22.5483],[150.68471,-22.54789],[150.68551,-22.54641],[150.68631,-22.54598],[150.68668,-22.54543],[150.68706,-22.54529],[150.68837,-22.54537],[150.68909,-22.54491],[150.68922,-22.5443],[150.68875,-22.54361],[150.68859,-22.54237],[150.68832,-22.54188],[150.6879,-22.54168],[150.68655,-22.54185],[150.68637,-22.54142],[150.68608,-22.54121],[150.6857,-22.54122],[150.6852,-22.54149],[150.68504,-22.54109],[150.68518,-22.5406],[150.68465,-22.54015],[150.68467,-22.53973],[150.68391,-22.53941],[150.68376,-22.53906],[150.68332,-22.53874],[150.68272,-22.53761],[150.68179,-22.5372],[150.68102,-22.53742],[150.68096,-22.53699],[150.6805,-22.53665],[150.6792,-22.53658],[150.67847,-22.53607],[150.67807,-22.53596],[150.67761,-22.53629],[150.67734,-22.53627],[150.67714,-22.53611],[150.67728,-22.5358],[150.67693,-22.53558],[150.67611,-22.53539],[150.67542,-22.53548],[150.67499,-22.5353],[150.67532,-22.53496],[150.67519,-22.53464],[150.67429,-22.53421],[150.67382,-22.53381],[150.67398,-22.53237],[150.67444,-22.53164],[150.67367,-22.5312],[150.67294,-22.53011],[150.67281,-22.52932],[150.67308,-22.52848],[150.67305,-22.52805],[150.67071,-22.52656],[150.66894,-22.52465],[150.66853,-22.5239],[150.66853,-22.52306],[150.66875,-22.52234],[150.66862,-22.52217],[150.66792,-22.52242],[150.667,-22.52324],[150.6668,-22.52318],[150.66676,-22.5227],[150.66705,-22.52167],[150.66976,-22.52001],[150.66974,-22.51985],[150.66908,-22.51965],[150.66801,-22.51902],[150.66742,-22.518],[150.66725,-22.51792],[150.66694,-22.51812],[150.66673,-22.51802],[150.66659,-22.51767],[150.66672,-22.51571],[150.66589,-22.5148],[150.66464,-22.51399],[150.66428,-22.51355],[150.66415,-22.51255],[150.66468,-22.50983],[150.66524,-22.50888],[150.66561,-22.50862],[150.66703,-22.50844],[150.66779,-22.50771],[150.66957,-22.50821],[150.67302,-22.50722],[150.67477,-22.50696],[150.67501,-22.50616],[150.67467,-22.50566],[150.67434,-22.50442],[150.67433,-22.50299],[150.67339,-22.50168],[150.67281,-22.50151],[150.67215,-22.50078],[150.67146,-22.49974],[150.66948,-22.49957],[150.6685,-22.50027],[150.66776,-22.49998],[150.66729,-22.4994],[150.66655,-22.49788],[150.66662,-22.49718],[150.66618,-22.49666],[150.66557,-22.4966],[150.66403,-22.49458],[150.66366,-22.49381],[150.6624,-22.49323],[150.66088,-22.49174],[150.6584,-22.48981],[150.65778,-22.48877],[150.65663,-22.48774],[150.65535,-22.48756],[150.65563,-22.48712],[150.6556,-22.48646],[150.65541,-22.48608],[150.65394,-22.48498],[150.65482,-22.48486],[150.65472,-22.48423],[150.65523,-22.48379],[150.6552,-22.48335],[150.65572,-22.48285],[150.65598,-22.48165],[150.65572,-22.48109],[150.65269,-22.47875],[150.65346,-22.47784],[150.65341,-22.47732],[150.65364,-22.47738],[150.65426,-22.47848],[150.65459,-22.47864],[150.65477,-22.47849],[150.65462,-22.47794],[150.65521,-22.47807],[150.65675,-22.47791],[150.6577,-22.47802],[150.6594,-22.47867],[150.65908,-22.48062],[150.65922,-22.48069],[150.65965,-22.48007],[150.65986,-22.48004],[150.65913,-22.48171],[150.65921,-22.48209],[150.6596,-22.48225],[150.65916,-22.48262],[150.65912,-22.48309],[150.65939,-22.48496],[150.65956,-22.48512],[150.66327,-22.48601],[150.664,-22.48633],[150.66473,-22.48651],[150.66539,-22.48644],[150.666,-22.48692],[150.66687,-22.48729],[150.66855,-22.48865],[150.66869,-22.48944],[150.67073,-22.49201],[150.6723,-22.49277],[150.67299,-22.49331],[150.67364,-22.49427],[150.67405,-22.49449],[150.67458,-22.4945],[150.6748,-22.49433],[150.67522,-22.49315],[150.67592,-22.49277],[150.67626,-22.49234],[150.67792,-22.48926],[150.67889,-22.48658],[150.67891,-22.48627],[150.67835,-22.48544],[150.67869,-22.4848],[150.68034,-22.48571],[150.6811,-22.48566],[150.68139,-22.48537],[150.68141,-22.48414],[150.68112,-22.48309],[150.68035,-22.48208],[150.67941,-22.48142],[150.68019,-22.48037],[150.68049,-22.48047],[150.68184,-22.48019],[150.68197,-22.47995],[150.68289,-22.48081],[150.68341,-22.48102],[150.68311,-22.48146],[150.68339,-22.48256],[150.68346,-22.48376],[150.6832,-22.48758],[150.68355,-22.48842],[150.68495,-22.4899],[150.68588,-22.49178],[150.68671,-22.49224],[150.68732,-22.49292],[150.68773,-22.49306],[150.68789,-22.49283],[150.68807,-22.49283],[150.68902,-22.49312],[150.68943,-22.49292],[150.68902,-22.49231],[150.68915,-22.49196],[150.68968,-22.49201],[150.69137,-22.49296],[150.69191,-22.49287],[150.69235,-22.49241],[150.69356,-22.49203],[150.69375,-22.49137],[150.6946,-22.49141],[150.69485,-22.49188],[150.69524,-22.49219],[150.69587,-22.49219],[150.69636,-22.49327],[150.69641,-22.49421],[150.69569,-22.49541],[150.6961,-22.49592],[150.69917,-22.49768],[150.69953,-22.49783],[150.70015,-22.49761],[150.70106,-22.49808],[150.70112,-22.49833],[150.70079,-22.49861],[150.7009,-22.49893],[150.70065,-22.49972],[150.69962,-22.49954],[150.69871,-22.49961],[150.69844,-22.49977],[150.69805,-22.5004],[150.69812,-22.50118],[150.69787,-22.50179],[150.69673,-22.50227],[150.69654,-22.50294],[150.69656,-22.50489],[150.69724,-22.50609],[150.69788,-22.50663],[150.70131,-22.50798],[150.70213,-22.508],[150.70304,-22.50832],[150.70376,-22.50866],[150.7039,-22.50891],[150.70445,-22.50902],[150.70501,-22.50895],[150.70813,-22.50932],[150.7094,-22.50821],[150.70985,-22.50829],[150.7087,-22.50943],[150.70856,-22.50982],[150.70344,-22.50993],[150.70274,-22.50978],[150.70104,-22.50907],[150.70085,-22.50932],[150.70112,-22.50959],[150.70627,-22.51155],[150.70945,-22.51226],[150.71545,-22.51455],[150.71994,-22.51569],[150.72235,-22.51585],[150.72394,-22.51737],[150.72496,-22.5174],[150.72596,-22.51667],[150.72646,-22.51598],[150.72705,-22.51407],[150.72717,-22.51279],[150.72676,-22.50361],[150.72686,-22.49897],[150.72724,-22.49597],[150.72843,-22.49048],[150.7296,-22.48745],[150.73126,-22.48439],[150.73326,-22.48151],[150.73624,-22.47844],[150.73828,-22.47559],[150.73974,-22.47418],[150.7412,-22.47311],[150.74342,-22.47243],[150.74465,-22.47256],[150.74501,-22.47277],[150.74553,-22.4735],[150.74572,-22.47456],[150.74554,-22.47554],[150.74563,-22.47616],[150.74745,-22.47727],[150.74827,-22.47729],[150.74906,-22.47668],[150.74906,-22.47599],[150.74872,-22.47566],[150.74876,-22.47536],[150.74904,-22.47504],[150.75049,-22.47411],[150.75213,-22.47359],[150.75275,-22.47372],[150.75331,-22.47447],[150.75406,-22.47504],[150.75507,-22.47524],[150.75518,-22.47429],[150.75381,-22.47184],[150.75379,-22.47097],[150.75399,-22.47035],[150.75466,-22.4702],[150.75609,-22.47063],[150.75673,-22.47067],[150.7572,-22.47011],[150.75757,-22.46847],[150.75886,-22.46844],[150.75886,-22.46824],[150.75684,-22.4674],[150.75713,-22.46692],[150.75666,-22.46621],[150.75661,-22.46537],[150.75629,-22.46505],[150.75631,-22.46447],[150.75584,-22.46415],[150.75575,-22.46324],[150.75536,-22.46348],[150.75415,-22.46187],[150.75357,-22.46174],[150.75286,-22.46108],[150.75192,-22.46089],[150.75117,-22.46021],[150.75115,-22.45967],[150.75142,-22.45935],[150.74881,-22.45478]]],[[[150.75142,-22.45935],[150.75222,-22.45966],[150.75261,-22.45939],[150.7535,-22.45953],[150.75363,-22.45916],[150.75486,-22.45948],[150.75538,-22.45933],[150.75629,-22.45948],[150.75661,-22.45935],[150.75663,-22.45919],[150.75384,-22.45776],[150.75297,-22.45759],[150.75192,-22.45769],[150.75167,-22.45732],[150.75165,-22.45669],[150.75086,-22.45596],[150.75111,-22.45527],[150.75152,-22.45491],[150.75131,-22.45453],[150.75009,-22.45437],[150.74979,-22.45441],[150.74935,-22.45493],[150.74882,-22.45479],[150.75142,-22.45935]]]]},"properties":{"name":"Shoalwater Bay Training Area","feature_type":"Defence Facility","function":"Military Training Base"}}]}